"Value","Timestamp","TimeStampUtc","TimeStampEpoch","MetricId","Unit","Description","Entity","IntervalSecs","Instance"
"4350","10/10/2014 1:00:00 PM","10/10/2014 5:00:00 PM","1412960400","cpu.usagemhz.average","MHz","CPU usage in megahertz during the interval","GVIC Cluster","300",""
"7116","10/10/2014 12:55:00 PM","10/10/2014 4:55:00 PM","1412960100","cpu.usagemhz.average","MHz","CPU usage in megahertz during the interval","GVIC Cluster","300",""
"7118","10/10/2014 12:50:00 PM","10/10/2014 4:50:00 PM","1412959800","cpu.usagemhz.average","MHz","CPU usage in megahertz during the interval","GVIC Cluster","300",""
"8296","10/10/2014 12:45:00 PM","10/10/2014 4:45:00 PM","1412959500","cpu.usagemhz.average","MHz","CPU usage in megahertz during the interval","GVIC Cluster","300",""
"7522","10/10/2014 12:40:00 PM","10/10/2014 4:40:00 PM","1412959200","cpu.usagemhz.average","MHz","CPU usage in megahertz during the interval","GVIC Cluster","300",""
"15558","10/10/2014 12:35:00 PM","10/10/2014 4:35:00 PM","1412958900","cpu.usagemhz.average","MHz","CPU usage in megahertz during the interval","GVIC Cluster","300",""
"4729","10/10/2014 1:00:00 PM","10/10/2014 5:00:00 PM","1412960400","cpu.usagemhz.minimum","MHz","CPU usage in megahertz during the interval","GVIC Cluster","300",""
"4873","10/10/2014 12:55:00 PM","10/10/2014 4:55:00 PM","1412960100","cpu.usagemhz.minimum","MHz","CPU usage in megahertz during the interval","GVIC Cluster","300",""
"4841","10/10/2014 12:50:00 PM","10/10/2014 4:50:00 PM","1412959800","cpu.usagemhz.minimum","MHz","CPU usage in megahertz during the interval","GVIC Cluster","300",""
"4832","10/10/2014 12:45:00 PM","10/10/2014 4:45:00 PM","1412959500","cpu.usagemhz.minimum","MHz","CPU usage in megahertz during the interval","GVIC Cluster","300",""
"4733","10/10/2014 12:40:00 PM","10/10/2014 4:40:00 PM","1412959200","cpu.usagemhz.minimum","MHz","CPU usage in megahertz during the interval","GVIC Cluster","300",""
"7558","10/10/2014 12:35:00 PM","10/10/2014 4:35:00 PM","1412958900","cpu.usagemhz.minimum","MHz","CPU usage in megahertz during the interval","GVIC Cluster","300",""
"14686","10/10/2014 1:00:00 PM","10/10/2014 5:00:00 PM","1412960400","cpu.usagemhz.maximum","MHz","CPU usage in megahertz during the interval","GVIC Cluster","300",""
"11096","10/10/2014 12:55:00 PM","10/10/2014 4:55:00 PM","1412960100","cpu.usagemhz.maximum","MHz","CPU usage in megahertz during the interval","GVIC Cluster","300",""
"10803","10/10/2014 12:50:00 PM","10/10/2014 4:50:00 PM","1412959800","cpu.usagemhz.maximum","MHz","CPU usage in megahertz during the interval","GVIC Cluster","300",""
"14239","10/10/2014 12:45:00 PM","10/10/2014 4:45:00 PM","1412959500","cpu.usagemhz.maximum","MHz","CPU usage in megahertz during the interval","GVIC Cluster","300",""
"11857","10/10/2014 12:40:00 PM","10/10/2014 4:40:00 PM","1412959200","cpu.usagemhz.maximum","MHz","CPU usage in megahertz during the interval","GVIC Cluster","300",""
"26674","10/10/2014 12:35:00 PM","10/10/2014 4:35:00 PM","1412958900","cpu.usagemhz.maximum","MHz","CPU usage in megahertz during the interval","GVIC Cluster","300",""
"2048","10/10/2014 1:00:00 PM","10/10/2014 5:00:00 PM","1412960400","cpu.reservedcapacity.average","MHz","Total CPU capacity reserved by virtual machines","GVIC Cluster","300",""
"2048","10/10/2014 12:55:00 PM","10/10/2014 4:55:00 PM","1412960100","cpu.reservedcapacity.average","MHz","Total CPU capacity reserved by virtual machines","GVIC Cluster","300",""
"2048","10/10/2014 12:50:00 PM","10/10/2014 4:50:00 PM","1412959800","cpu.reservedcapacity.average","MHz","Total CPU capacity reserved by virtual machines","GVIC Cluster","300",""
"2048","10/10/2014 12:45:00 PM","10/10/2014 4:45:00 PM","1412959500","cpu.reservedcapacity.average","MHz","Total CPU capacity reserved by virtual machines","GVIC Cluster","300",""
"2048","10/10/2014 12:40:00 PM","10/10/2014 4:40:00 PM","1412959200","cpu.reservedcapacity.average","MHz","Total CPU capacity reserved by virtual machines","GVIC Cluster","300",""
"2048","10/10/2014 12:35:00 PM","10/10/2014 4:35:00 PM","1412958900","cpu.reservedcapacity.average","MHz","Total CPU capacity reserved by virtual machines","GVIC Cluster","300",""
"124800","10/10/2014 1:00:00 PM","10/10/2014 5:00:00 PM","1412960400","cpu.capacity.provisioned.average","MHz","Capacity in MHz of the physical CPU cores","GVIC Cluster","300",""
"124800","10/10/2014 12:55:00 PM","10/10/2014 4:55:00 PM","1412960100","cpu.capacity.provisioned.average","MHz","Capacity in MHz of the physical CPU cores","GVIC Cluster","300",""
"124800","10/10/2014 12:50:00 PM","10/10/2014 4:50:00 PM","1412959800","cpu.capacity.provisioned.average","MHz","Capacity in MHz of the physical CPU cores","GVIC Cluster","300",""
"124800","10/10/2014 12:45:00 PM","10/10/2014 4:45:00 PM","1412959500","cpu.capacity.provisioned.average","MHz","Capacity in MHz of the physical CPU cores","GVIC Cluster","300",""
"124800","10/10/2014 12:40:00 PM","10/10/2014 4:40:00 PM","1412959200","cpu.capacity.provisioned.average","MHz","Capacity in MHz of the physical CPU cores","GVIC Cluster","300",""
"124800","10/10/2014 12:35:00 PM","10/10/2014 4:35:00 PM","1412958900","cpu.capacity.provisioned.average","MHz","Capacity in MHz of the physical CPU cores","GVIC Cluster","300",""
"1752","10/10/2014 1:00:00 PM","10/10/2014 5:00:00 PM","1412960400","cpu.capacity.usage.average","MHz","CPU usage in MHz during the interval","GVIC Cluster","300",""
"1735","10/10/2014 12:55:00 PM","10/10/2014 4:55:00 PM","1412960100","cpu.capacity.usage.average","MHz","CPU usage in MHz during the interval","GVIC Cluster","300",""
"1882","10/10/2014 12:50:00 PM","10/10/2014 4:50:00 PM","1412959800","cpu.capacity.usage.average","MHz","CPU usage in MHz during the interval","GVIC Cluster","300",""
"1901","10/10/2014 12:45:00 PM","10/10/2014 4:45:00 PM","1412959500","cpu.capacity.usage.average","MHz","CPU usage in MHz during the interval","GVIC Cluster","300",""
"2163","10/10/2014 12:40:00 PM","10/10/2014 4:40:00 PM","1412959200","cpu.capacity.usage.average","MHz","CPU usage in MHz during the interval","GVIC Cluster","300",""
"2862","10/10/2014 12:35:00 PM","10/10/2014 4:35:00 PM","1412958900","cpu.capacity.usage.average","MHz","CPU usage in MHz during the interval","GVIC Cluster","300",""
"5126","10/10/2014 1:00:00 PM","10/10/2014 5:00:00 PM","1412960400","cpu.capacity.demand.average","MHz","The amount of CPU resources the virtual machines on this host would use if there were no CPU contention or CPU limit","GVIC Cluster","300",""
"5172","10/10/2014 12:55:00 PM","10/10/2014 4:55:00 PM","1412960100","cpu.capacity.demand.average","MHz","The amount of CPU resources the virtual machines on this host would use if there were no CPU contention or CPU limit","GVIC Cluster","300",""
"5481","10/10/2014 12:50:00 PM","10/10/2014 4:50:00 PM","1412959800","cpu.capacity.demand.average","MHz","The amount of CPU resources the virtual machines on this host would use if there were no CPU contention or CPU limit","GVIC Cluster","300",""
"5663","10/10/2014 12:45:00 PM","10/10/2014 4:45:00 PM","1412959500","cpu.capacity.demand.average","MHz","The amount of CPU resources the virtual machines on this host would use if there were no CPU contention or CPU limit","GVIC Cluster","300",""
"6461","10/10/2014 12:40:00 PM","10/10/2014 4:40:00 PM","1412959200","cpu.capacity.demand.average","MHz","The amount of CPU resources the virtual machines on this host would use if there were no CPU contention or CPU limit","GVIC Cluster","300",""
"7761","10/10/2014 12:35:00 PM","10/10/2014 4:35:00 PM","1412958900","cpu.capacity.demand.average","MHz","The amount of CPU resources the virtual machines on this host would use if there were no CPU contention or CPU limit","GVIC Cluster","300",""
"0","10/10/2014 1:00:00 PM","10/10/2014 5:00:00 PM","1412960400","cpu.capacity.contention.average","%","Percent of time the virtual machines on this host are unable to run because they are contending for access to the physical CPU(s)","GVIC Cluster","300",""
"0","10/10/2014 12:55:00 PM","10/10/2014 4:55:00 PM","1412960100","cpu.capacity.contention.average","%","Percent of time the virtual machines on this host are unable to run because they are contending for access to the physical CPU(s)","GVIC Cluster","300",""
"0","10/10/2014 12:50:00 PM","10/10/2014 4:50:00 PM","1412959800","cpu.capacity.contention.average","%","Percent of time the virtual machines on this host are unable to run because they are contending for access to the physical CPU(s)","GVIC Cluster","300",""
"0","10/10/2014 12:45:00 PM","10/10/2014 4:45:00 PM","1412959500","cpu.capacity.contention.average","%","Percent of time the virtual machines on this host are unable to run because they are contending for access to the physical CPU(s)","GVIC Cluster","300",""
"0","10/10/2014 12:40:00 PM","10/10/2014 4:40:00 PM","1412959200","cpu.capacity.contention.average","%","Percent of time the virtual machines on this host are unable to run because they are contending for access to the physical CPU(s)","GVIC Cluster","300",""
"0","10/10/2014 12:35:00 PM","10/10/2014 4:35:00 PM","1412958900","cpu.capacity.contention.average","%","Percent of time the virtual machines on this host are unable to run because they are contending for access to the physical CPU(s)","GVIC Cluster","300",""
"48","10/10/2014 1:00:00 PM","10/10/2014 5:00:00 PM","1412960400","cpu.corecount.provisioned.average","number","The number of physical cores provisioned to the entity","GVIC Cluster","300",""
"48","10/10/2014 12:55:00 PM","10/10/2014 4:55:00 PM","1412960100","cpu.corecount.provisioned.average","number","The number of physical cores provisioned to the entity","GVIC Cluster","300",""
"48","10/10/2014 12:50:00 PM","10/10/2014 4:50:00 PM","1412959800","cpu.corecount.provisioned.average","number","The number of physical cores provisioned to the entity","GVIC Cluster","300",""
"48","10/10/2014 12:45:00 PM","10/10/2014 4:45:00 PM","1412959500","cpu.corecount.provisioned.average","number","The number of physical cores provisioned to the entity","GVIC Cluster","300",""
"48","10/10/2014 12:40:00 PM","10/10/2014 4:40:00 PM","1412959200","cpu.corecount.provisioned.average","number","The number of physical cores provisioned to the entity","GVIC Cluster","300",""
"48","10/10/2014 12:35:00 PM","10/10/2014 4:35:00 PM","1412958900","cpu.corecount.provisioned.average","number","The number of physical cores provisioned to the entity","GVIC Cluster","300",""
"89","10/10/2014 1:00:00 PM","10/10/2014 5:00:00 PM","1412960400","cpu.corecount.usage.average","number","The number of virtual processors running on the host","GVIC Cluster","300",""
"89","10/10/2014 12:55:00 PM","10/10/2014 4:55:00 PM","1412960100","cpu.corecount.usage.average","number","The number of virtual processors running on the host","GVIC Cluster","300",""
"89","10/10/2014 12:50:00 PM","10/10/2014 4:50:00 PM","1412959800","cpu.corecount.usage.average","number","The number of virtual processors running on the host","GVIC Cluster","300",""
"89","10/10/2014 12:45:00 PM","10/10/2014 4:45:00 PM","1412959500","cpu.corecount.usage.average","number","The number of virtual processors running on the host","GVIC Cluster","300",""
"89","10/10/2014 12:40:00 PM","10/10/2014 4:40:00 PM","1412959200","cpu.corecount.usage.average","number","The number of virtual processors running on the host","GVIC Cluster","300",""
"89","10/10/2014 12:35:00 PM","10/10/2014 4:35:00 PM","1412958900","cpu.corecount.usage.average","number","The number of virtual processors running on the host","GVIC Cluster","300",""
"0","10/10/2014 1:00:00 PM","10/10/2014 5:00:00 PM","1412960400","cpu.corecount.contention.average","%","Time the virtual machine is ready to run, but is unable to run due to co-scheduling constraints","GVIC Cluster","300",""
"0","10/10/2014 12:55:00 PM","10/10/2014 4:55:00 PM","1412960100","cpu.corecount.contention.average","%","Time the virtual machine is ready to run, but is unable to run due to co-scheduling constraints","GVIC Cluster","300",""
"0","10/10/2014 12:50:00 PM","10/10/2014 4:50:00 PM","1412959800","cpu.corecount.contention.average","%","Time the virtual machine is ready to run, but is unable to run due to co-scheduling constraints","GVIC Cluster","300",""
"0","10/10/2014 12:45:00 PM","10/10/2014 4:45:00 PM","1412959500","cpu.corecount.contention.average","%","Time the virtual machine is ready to run, but is unable to run due to co-scheduling constraints","GVIC Cluster","300",""
"0","10/10/2014 12:40:00 PM","10/10/2014 4:40:00 PM","1412959200","cpu.corecount.contention.average","%","Time the virtual machine is ready to run, but is unable to run due to co-scheduling constraints","GVIC Cluster","300",""
"0","10/10/2014 12:35:00 PM","10/10/2014 4:35:00 PM","1412958900","cpu.corecount.contention.average","%","Time the virtual machine is ready to run, but is unable to run due to co-scheduling constraints","GVIC Cluster","300",""
"2443","10/10/2014 1:00:00 PM","10/10/2014 5:00:00 PM","1412960400","mem.reservedcapacity.average","MB","Total amount of memory reservation used by powered-on virtual machines and vSphere services on the host","GVIC Cluster","300",""
"2443","10/10/2014 12:55:00 PM","10/10/2014 4:55:00 PM","1412960100","mem.reservedcapacity.average","MB","Total amount of memory reservation used by powered-on virtual machines and vSphere services on the host","GVIC Cluster","300",""
"2443","10/10/2014 12:50:00 PM","10/10/2014 4:50:00 PM","1412959800","mem.reservedcapacity.average","MB","Total amount of memory reservation used by powered-on virtual machines and vSphere services on the host","GVIC Cluster","300",""
"2443","10/10/2014 12:45:00 PM","10/10/2014 4:45:00 PM","1412959500","mem.reservedcapacity.average","MB","Total amount of memory reservation used by powered-on virtual machines and vSphere services on the host","GVIC Cluster","300",""
"2443","10/10/2014 12:40:00 PM","10/10/2014 4:40:00 PM","1412959200","mem.reservedcapacity.average","MB","Total amount of memory reservation used by powered-on virtual machines and vSphere services on the host","GVIC Cluster","300",""
"2443","10/10/2014 12:35:00 PM","10/10/2014 4:35:00 PM","1412958900","mem.reservedcapacity.average","MB","Total amount of memory reservation used by powered-on virtual machines and vSphere services on the host","GVIC Cluster","300",""
"188234332","10/10/2014 1:00:00 PM","10/10/2014 5:00:00 PM","1412960400","mem.granted.average","KB","Amount of host physical memory or physical memory that is mapped for a virtual machine or a host","GVIC Cluster","300",""
"188233290","10/10/2014 12:55:00 PM","10/10/2014 4:55:00 PM","1412960100","mem.granted.average","KB","Amount of host physical memory or physical memory that is mapped for a virtual machine or a host","GVIC Cluster","300",""
"188233332","10/10/2014 12:50:00 PM","10/10/2014 4:50:00 PM","1412959800","mem.granted.average","KB","Amount of host physical memory or physical memory that is mapped for a virtual machine or a host","GVIC Cluster","300",""
"188233276","10/10/2014 12:45:00 PM","10/10/2014 4:45:00 PM","1412959500","mem.granted.average","KB","Amount of host physical memory or physical memory that is mapped for a virtual machine or a host","GVIC Cluster","300",""
"188233276","10/10/2014 12:40:00 PM","10/10/2014 4:40:00 PM","1412959200","mem.granted.average","KB","Amount of host physical memory or physical memory that is mapped for a virtual machine or a host","GVIC Cluster","300",""
"188233274","10/10/2014 12:35:00 PM","10/10/2014 4:35:00 PM","1412958900","mem.granted.average","KB","Amount of host physical memory or physical memory that is mapped for a virtual machine or a host","GVIC Cluster","300",""
"188233276","10/10/2014 1:00:00 PM","10/10/2014 5:00:00 PM","1412960400","mem.granted.minimum","KB","Amount of host physical memory or physical memory that is mapped for a virtual machine or a host","GVIC Cluster","300",""
"188233276","10/10/2014 12:55:00 PM","10/10/2014 4:55:00 PM","1412960100","mem.granted.minimum","KB","Amount of host physical memory or physical memory that is mapped for a virtual machine or a host","GVIC Cluster","300",""
"188233276","10/10/2014 12:50:00 PM","10/10/2014 4:50:00 PM","1412959800","mem.granted.minimum","KB","Amount of host physical memory or physical memory that is mapped for a virtual machine or a host","GVIC Cluster","300",""
"188233276","10/10/2014 12:45:00 PM","10/10/2014 4:45:00 PM","1412959500","mem.granted.minimum","KB","Amount of host physical memory or physical memory that is mapped for a virtual machine or a host","GVIC Cluster","300",""
"188233276","10/10/2014 12:40:00 PM","10/10/2014 4:40:00 PM","1412959200","mem.granted.minimum","KB","Amount of host physical memory or physical memory that is mapped for a virtual machine or a host","GVIC Cluster","300",""
"188233268","10/10/2014 12:35:00 PM","10/10/2014 4:35:00 PM","1412958900","mem.granted.minimum","KB","Amount of host physical memory or physical memory that is mapped for a virtual machine or a host","GVIC Cluster","300",""
"188234408","10/10/2014 1:00:00 PM","10/10/2014 5:00:00 PM","1412960400","mem.granted.maximum","KB","Amount of host physical memory or physical memory that is mapped for a virtual machine or a host","GVIC Cluster","300",""
"188233488","10/10/2014 12:55:00 PM","10/10/2014 4:55:00 PM","1412960100","mem.granted.maximum","KB","Amount of host physical memory or physical memory that is mapped for a virtual machine or a host","GVIC Cluster","300",""
"188233488","10/10/2014 12:50:00 PM","10/10/2014 4:50:00 PM","1412959800","mem.granted.maximum","KB","Amount of host physical memory or physical memory that is mapped for a virtual machine or a host","GVIC Cluster","300",""
"188233276","10/10/2014 12:45:00 PM","10/10/2014 4:45:00 PM","1412959500","mem.granted.maximum","KB","Amount of host physical memory or physical memory that is mapped for a virtual machine or a host","GVIC Cluster","300",""
"188233276","10/10/2014 12:40:00 PM","10/10/2014 4:40:00 PM","1412959200","mem.granted.maximum","KB","Amount of host physical memory or physical memory that is mapped for a virtual machine or a host","GVIC Cluster","300",""
"188233276","10/10/2014 12:35:00 PM","10/10/2014 4:35:00 PM","1412958900","mem.granted.maximum","KB","Amount of host physical memory or physical memory that is mapped for a virtual machine or a host","GVIC Cluster","300",""
"11525345","10/10/2014 1:00:00 PM","10/10/2014 5:00:00 PM","1412960400","mem.active.average","KB","Amount of memory that is actively used, as estimated by VMkernel based on recently touched memory pages","GVIC Cluster","300",""
"11604383","10/10/2014 12:55:00 PM","10/10/2014 4:55:00 PM","1412960100","mem.active.average","KB","Amount of memory that is actively used, as estimated by VMkernel based on recently touched memory pages","GVIC Cluster","300",""
"11804962","10/10/2014 12:50:00 PM","10/10/2014 4:50:00 PM","1412959800","mem.active.average","KB","Amount of memory that is actively used, as estimated by VMkernel based on recently touched memory pages","GVIC Cluster","300",""
"12298875","10/10/2014 12:45:00 PM","10/10/2014 4:45:00 PM","1412959500","mem.active.average","KB","Amount of memory that is actively used, as estimated by VMkernel based on recently touched memory pages","GVIC Cluster","300",""
"14412223","10/10/2014 12:40:00 PM","10/10/2014 4:40:00 PM","1412959200","mem.active.average","KB","Amount of memory that is actively used, as estimated by VMkernel based on recently touched memory pages","GVIC Cluster","300",""
"13899649","10/10/2014 12:35:00 PM","10/10/2014 4:35:00 PM","1412958900","mem.active.average","KB","Amount of memory that is actively used, as estimated by VMkernel based on recently touched memory pages","GVIC Cluster","300",""
"10357636","10/10/2014 1:00:00 PM","10/10/2014 5:00:00 PM","1412960400","mem.active.minimum","KB","Amount of memory that is actively used, as estimated by VMkernel based on recently touched memory pages","GVIC Cluster","300",""
"10573272","10/10/2014 12:55:00 PM","10/10/2014 4:55:00 PM","1412960100","mem.active.minimum","KB","Amount of memory that is actively used, as estimated by VMkernel based on recently touched memory pages","GVIC Cluster","300",""
"10537460","10/10/2014 12:50:00 PM","10/10/2014 4:50:00 PM","1412959800","mem.active.minimum","KB","Amount of memory that is actively used, as estimated by VMkernel based on recently touched memory pages","GVIC Cluster","300",""
"11195788","10/10/2014 12:45:00 PM","10/10/2014 4:45:00 PM","1412959500","mem.active.minimum","KB","Amount of memory that is actively used, as estimated by VMkernel based on recently touched memory pages","GVIC Cluster","300",""
"12739424","10/10/2014 12:40:00 PM","10/10/2014 4:40:00 PM","1412959200","mem.active.minimum","KB","Amount of memory that is actively used, as estimated by VMkernel based on recently touched memory pages","GVIC Cluster","300",""
"11589584","10/10/2014 12:35:00 PM","10/10/2014 4:35:00 PM","1412958900","mem.active.minimum","KB","Amount of memory that is actively used, as estimated by VMkernel based on recently touched memory pages","GVIC Cluster","300",""
"13004268","10/10/2014 1:00:00 PM","10/10/2014 5:00:00 PM","1412960400","mem.active.maximum","KB","Amount of memory that is actively used, as estimated by VMkernel based on recently touched memory pages","GVIC Cluster","300",""
"12665488","10/10/2014 12:55:00 PM","10/10/2014 4:55:00 PM","1412960100","mem.active.maximum","KB","Amount of memory that is actively used, as estimated by VMkernel based on recently touched memory pages","GVIC Cluster","300",""
"13249324","10/10/2014 12:50:00 PM","10/10/2014 4:50:00 PM","1412959800","mem.active.maximum","KB","Amount of memory that is actively used, as estimated by VMkernel based on recently touched memory pages","GVIC Cluster","300",""
"13687964","10/10/2014 12:45:00 PM","10/10/2014 4:45:00 PM","1412959500","mem.active.maximum","KB","Amount of memory that is actively used, as estimated by VMkernel based on recently touched memory pages","GVIC Cluster","300",""
"16141000","10/10/2014 12:40:00 PM","10/10/2014 4:40:00 PM","1412959200","mem.active.maximum","KB","Amount of memory that is actively used, as estimated by VMkernel based on recently touched memory pages","GVIC Cluster","300",""
"15644924","10/10/2014 12:35:00 PM","10/10/2014 4:35:00 PM","1412958900","mem.active.maximum","KB","Amount of memory that is actively used, as estimated by VMkernel based on recently touched memory pages","GVIC Cluster","300",""
"31768644","10/10/2014 1:00:00 PM","10/10/2014 5:00:00 PM","1412960400","mem.shared.average","KB","Amount of guest physical memory that is shared with other virtual machines, relative to a single virtual machine or to all powered-on virtual machines on a host","GVIC Cluster","300",""
"31773972","10/10/2014 12:55:00 PM","10/10/2014 4:55:00 PM","1412960100","mem.shared.average","KB","Amount of guest physical memory that is shared with other virtual machines, relative to a single virtual machine or to all powered-on virtual machines on a host","GVIC Cluster","300",""
"31758119","10/10/2014 12:50:00 PM","10/10/2014 4:50:00 PM","1412959800","mem.shared.average","KB","Amount of guest physical memory that is shared with other virtual machines, relative to a single virtual machine or to all powered-on virtual machines on a host","GVIC Cluster","300",""
"31756680","10/10/2014 12:45:00 PM","10/10/2014 4:45:00 PM","1412959500","mem.shared.average","KB","Amount of guest physical memory that is shared with other virtual machines, relative to a single virtual machine or to all powered-on virtual machines on a host","GVIC Cluster","300",""
"31782356","10/10/2014 12:40:00 PM","10/10/2014 4:40:00 PM","1412959200","mem.shared.average","KB","Amount of guest physical memory that is shared with other virtual machines, relative to a single virtual machine or to all powered-on virtual machines on a host","GVIC Cluster","300",""
"31777343","10/10/2014 12:35:00 PM","10/10/2014 4:35:00 PM","1412958900","mem.shared.average","KB","Amount of guest physical memory that is shared with other virtual machines, relative to a single virtual machine or to all powered-on virtual machines on a host","GVIC Cluster","300",""
"31742488","10/10/2014 1:00:00 PM","10/10/2014 5:00:00 PM","1412960400","mem.shared.minimum","KB","Amount of guest physical memory that is shared with other virtual machines, relative to a single virtual machine or to all powered-on virtual machines on a host","GVIC Cluster","300",""
"31742692","10/10/2014 12:55:00 PM","10/10/2014 4:55:00 PM","1412960100","mem.shared.minimum","KB","Amount of guest physical memory that is shared with other virtual machines, relative to a single virtual machine or to all powered-on virtual machines on a host","GVIC Cluster","300",""
"31734308","10/10/2014 12:50:00 PM","10/10/2014 4:50:00 PM","1412959800","mem.shared.minimum","KB","Amount of guest physical memory that is shared with other virtual machines, relative to a single virtual machine or to all powered-on virtual machines on a host","GVIC Cluster","300",""
"31722040","10/10/2014 12:45:00 PM","10/10/2014 4:45:00 PM","1412959500","mem.shared.minimum","KB","Amount of guest physical memory that is shared with other virtual machines, relative to a single virtual machine or to all powered-on virtual machines on a host","GVIC Cluster","300",""
"31755668","10/10/2014 12:40:00 PM","10/10/2014 4:40:00 PM","1412959200","mem.shared.minimum","KB","Amount of guest physical memory that is shared with other virtual machines, relative to a single virtual machine or to all powered-on virtual machines on a host","GVIC Cluster","300",""
"31746688","10/10/2014 12:35:00 PM","10/10/2014 4:35:00 PM","1412958900","mem.shared.minimum","KB","Amount of guest physical memory that is shared with other virtual machines, relative to a single virtual machine or to all powered-on virtual machines on a host","GVIC Cluster","300",""
"31796556","10/10/2014 1:00:00 PM","10/10/2014 5:00:00 PM","1412960400","mem.shared.maximum","KB","Amount of guest physical memory that is shared with other virtual machines, relative to a single virtual machine or to all powered-on virtual machines on a host","GVIC Cluster","300",""
"31803848","10/10/2014 12:55:00 PM","10/10/2014 4:55:00 PM","1412960100","mem.shared.maximum","KB","Amount of guest physical memory that is shared with other virtual machines, relative to a single virtual machine or to all powered-on virtual machines on a host","GVIC Cluster","300",""
"31800596","10/10/2014 12:50:00 PM","10/10/2014 4:50:00 PM","1412959800","mem.shared.maximum","KB","Amount of guest physical memory that is shared with other virtual machines, relative to a single virtual machine or to all powered-on virtual machines on a host","GVIC Cluster","300",""
"31804712","10/10/2014 12:45:00 PM","10/10/2014 4:45:00 PM","1412959500","mem.shared.maximum","KB","Amount of guest physical memory that is shared with other virtual machines, relative to a single virtual machine or to all powered-on virtual machines on a host","GVIC Cluster","300",""
"31801556","10/10/2014 12:40:00 PM","10/10/2014 4:40:00 PM","1412959200","mem.shared.maximum","KB","Amount of guest physical memory that is shared with other virtual machines, relative to a single virtual machine or to all powered-on virtual machines on a host","GVIC Cluster","300",""
"31808284","10/10/2014 12:35:00 PM","10/10/2014 4:35:00 PM","1412958900","mem.shared.maximum","KB","Amount of guest physical memory that is shared with other virtual machines, relative to a single virtual machine or to all powered-on virtual machines on a host","GVIC Cluster","300",""
"22276271","10/10/2014 1:00:00 PM","10/10/2014 5:00:00 PM","1412960400","mem.zero.average","KB","Memory that contains 0s only","GVIC Cluster","300",""
"22277393","10/10/2014 12:55:00 PM","10/10/2014 4:55:00 PM","1412960100","mem.zero.average","KB","Memory that contains 0s only","GVIC Cluster","300",""
"22278319","10/10/2014 12:50:00 PM","10/10/2014 4:50:00 PM","1412959800","mem.zero.average","KB","Memory that contains 0s only","GVIC Cluster","300",""
"22278337","10/10/2014 12:45:00 PM","10/10/2014 4:45:00 PM","1412959500","mem.zero.average","KB","Memory that contains 0s only","GVIC Cluster","300",""
"22278236","10/10/2014 12:40:00 PM","10/10/2014 4:40:00 PM","1412959200","mem.zero.average","KB","Memory that contains 0s only","GVIC Cluster","300",""
"27152620","10/10/2014 12:35:00 PM","10/10/2014 4:35:00 PM","1412958900","mem.zero.average","KB","Memory that contains 0s only","GVIC Cluster","300",""
"22276252","10/10/2014 1:00:00 PM","10/10/2014 5:00:00 PM","1412960400","mem.zero.minimum","KB","Memory that contains 0s only","GVIC Cluster","300",""
"22276264","10/10/2014 12:55:00 PM","10/10/2014 4:55:00 PM","1412960100","mem.zero.minimum","KB","Memory that contains 0s only","GVIC Cluster","300",""
"22278292","10/10/2014 12:50:00 PM","10/10/2014 4:50:00 PM","1412959800","mem.zero.minimum","KB","Memory that contains 0s only","GVIC Cluster","300",""
"22278308","10/10/2014 12:45:00 PM","10/10/2014 4:45:00 PM","1412959500","mem.zero.minimum","KB","Memory that contains 0s only","GVIC Cluster","300",""
"22278208","10/10/2014 12:40:00 PM","10/10/2014 4:40:00 PM","1412959200","mem.zero.minimum","KB","Memory that contains 0s only","GVIC Cluster","300",""
"27152516","10/10/2014 12:35:00 PM","10/10/2014 4:35:00 PM","1412958900","mem.zero.minimum","KB","Memory that contains 0s only","GVIC Cluster","300",""
"22276324","10/10/2014 1:00:00 PM","10/10/2014 5:00:00 PM","1412960400","mem.zero.maximum","KB","Memory that contains 0s only","GVIC Cluster","300",""
"22278488","10/10/2014 12:55:00 PM","10/10/2014 4:55:00 PM","1412960100","mem.zero.maximum","KB","Memory that contains 0s only","GVIC Cluster","300",""
"22278360","10/10/2014 12:50:00 PM","10/10/2014 4:50:00 PM","1412959800","mem.zero.maximum","KB","Memory that contains 0s only","GVIC Cluster","300",""
"22278432","10/10/2014 12:45:00 PM","10/10/2014 4:45:00 PM","1412959500","mem.zero.maximum","KB","Memory that contains 0s only","GVIC Cluster","300",""
"22278276","10/10/2014 12:40:00 PM","10/10/2014 4:40:00 PM","1412959200","mem.zero.maximum","KB","Memory that contains 0s only","GVIC Cluster","300",""
"27153112","10/10/2014 12:35:00 PM","10/10/2014 4:35:00 PM","1412958900","mem.zero.maximum","KB","Memory that contains 0s only","GVIC Cluster","300",""
"0","10/10/2014 1:00:00 PM","10/10/2014 5:00:00 PM","1412960400","mem.vmmemctl.average","KB","Amount of memory allocated by the virtual machine memory control driver (vmmemctl), which is installed with VMware Tools","GVIC Cluster","300",""
"0","10/10/2014 12:55:00 PM","10/10/2014 4:55:00 PM","1412960100","mem.vmmemctl.average","KB","Amount of memory allocated by the virtual machine memory control driver (vmmemctl), which is installed with VMware Tools","GVIC Cluster","300",""
"0","10/10/2014 12:50:00 PM","10/10/2014 4:50:00 PM","1412959800","mem.vmmemctl.average","KB","Amount of memory allocated by the virtual machine memory control driver (vmmemctl), which is installed with VMware Tools","GVIC Cluster","300",""
"0","10/10/2014 12:45:00 PM","10/10/2014 4:45:00 PM","1412959500","mem.vmmemctl.average","KB","Amount of memory allocated by the virtual machine memory control driver (vmmemctl), which is installed with VMware Tools","GVIC Cluster","300",""
"0","10/10/2014 12:40:00 PM","10/10/2014 4:40:00 PM","1412959200","mem.vmmemctl.average","KB","Amount of memory allocated by the virtual machine memory control driver (vmmemctl), which is installed with VMware Tools","GVIC Cluster","300",""
"0","10/10/2014 12:35:00 PM","10/10/2014 4:35:00 PM","1412958900","mem.vmmemctl.average","KB","Amount of memory allocated by the virtual machine memory control driver (vmmemctl), which is installed with VMware Tools","GVIC Cluster","300",""
"0","10/10/2014 1:00:00 PM","10/10/2014 5:00:00 PM","1412960400","mem.vmmemctl.minimum","KB","Amount of memory allocated by the virtual machine memory control driver (vmmemctl), which is installed with VMware Tools","GVIC Cluster","300",""
"0","10/10/2014 12:55:00 PM","10/10/2014 4:55:00 PM","1412960100","mem.vmmemctl.minimum","KB","Amount of memory allocated by the virtual machine memory control driver (vmmemctl), which is installed with VMware Tools","GVIC Cluster","300",""
"0","10/10/2014 12:50:00 PM","10/10/2014 4:50:00 PM","1412959800","mem.vmmemctl.minimum","KB","Amount of memory allocated by the virtual machine memory control driver (vmmemctl), which is installed with VMware Tools","GVIC Cluster","300",""
"0","10/10/2014 12:45:00 PM","10/10/2014 4:45:00 PM","1412959500","mem.vmmemctl.minimum","KB","Amount of memory allocated by the virtual machine memory control driver (vmmemctl), which is installed with VMware Tools","GVIC Cluster","300",""
"0","10/10/2014 12:40:00 PM","10/10/2014 4:40:00 PM","1412959200","mem.vmmemctl.minimum","KB","Amount of memory allocated by the virtual machine memory control driver (vmmemctl), which is installed with VMware Tools","GVIC Cluster","300",""
"0","10/10/2014 12:35:00 PM","10/10/2014 4:35:00 PM","1412958900","mem.vmmemctl.minimum","KB","Amount of memory allocated by the virtual machine memory control driver (vmmemctl), which is installed with VMware Tools","GVIC Cluster","300",""
"0","10/10/2014 1:00:00 PM","10/10/2014 5:00:00 PM","1412960400","mem.vmmemctl.maximum","KB","Amount of memory allocated by the virtual machine memory control driver (vmmemctl), which is installed with VMware Tools","GVIC Cluster","300",""
"0","10/10/2014 12:55:00 PM","10/10/2014 4:55:00 PM","1412960100","mem.vmmemctl.maximum","KB","Amount of memory allocated by the virtual machine memory control driver (vmmemctl), which is installed with VMware Tools","GVIC Cluster","300",""
"0","10/10/2014 12:50:00 PM","10/10/2014 4:50:00 PM","1412959800","mem.vmmemctl.maximum","KB","Amount of memory allocated by the virtual machine memory control driver (vmmemctl), which is installed with VMware Tools","GVIC Cluster","300",""
"0","10/10/2014 12:45:00 PM","10/10/2014 4:45:00 PM","1412959500","mem.vmmemctl.maximum","KB","Amount of memory allocated by the virtual machine memory control driver (vmmemctl), which is installed with VMware Tools","GVIC Cluster","300",""
"0","10/10/2014 12:40:00 PM","10/10/2014 4:40:00 PM","1412959200","mem.vmmemctl.maximum","KB","Amount of memory allocated by the virtual machine memory control driver (vmmemctl), which is installed with VMware Tools","GVIC Cluster","300",""
"0","10/10/2014 12:35:00 PM","10/10/2014 4:35:00 PM","1412958900","mem.vmmemctl.maximum","KB","Amount of memory allocated by the virtual machine memory control driver (vmmemctl), which is installed with VMware Tools","GVIC Cluster","300",""
"167392211","10/10/2014 1:00:00 PM","10/10/2014 5:00:00 PM","1412960400","mem.consumed.average","KB","Amount of host physical memory consumed by a virtual machine, host, or cluster","GVIC Cluster","300",""
"167389158","10/10/2014 12:55:00 PM","10/10/2014 4:55:00 PM","1412960100","mem.consumed.average","KB","Amount of host physical memory consumed by a virtual machine, host, or cluster","GVIC Cluster","300",""
"167388376","10/10/2014 12:50:00 PM","10/10/2014 4:50:00 PM","1412959800","mem.consumed.average","KB","Amount of host physical memory consumed by a virtual machine, host, or cluster","GVIC Cluster","300",""
"167388642","10/10/2014 12:45:00 PM","10/10/2014 4:45:00 PM","1412959500","mem.consumed.average","KB","Amount of host physical memory consumed by a virtual machine, host, or cluster","GVIC Cluster","300",""
"167387525","10/10/2014 12:40:00 PM","10/10/2014 4:40:00 PM","1412959200","mem.consumed.average","KB","Amount of host physical memory consumed by a virtual machine, host, or cluster","GVIC Cluster","300",""
"167387945","10/10/2014 12:35:00 PM","10/10/2014 4:35:00 PM","1412958900","mem.consumed.average","KB","Amount of host physical memory consumed by a virtual machine, host, or cluster","GVIC Cluster","300",""
"167390696","10/10/2014 1:00:00 PM","10/10/2014 5:00:00 PM","1412960400","mem.consumed.minimum","KB","Amount of host physical memory consumed by a virtual machine, host, or cluster","GVIC Cluster","300",""
"167386384","10/10/2014 12:55:00 PM","10/10/2014 4:55:00 PM","1412960100","mem.consumed.minimum","KB","Amount of host physical memory consumed by a virtual machine, host, or cluster","GVIC Cluster","300",""
"167386788","10/10/2014 12:50:00 PM","10/10/2014 4:50:00 PM","1412959800","mem.consumed.minimum","KB","Amount of host physical memory consumed by a virtual machine, host, or cluster","GVIC Cluster","300",""
"167386996","10/10/2014 12:45:00 PM","10/10/2014 4:45:00 PM","1412959500","mem.consumed.minimum","KB","Amount of host physical memory consumed by a virtual machine, host, or cluster","GVIC Cluster","300",""
"167385552","10/10/2014 12:40:00 PM","10/10/2014 4:40:00 PM","1412959200","mem.consumed.minimum","KB","Amount of host physical memory consumed by a virtual machine, host, or cluster","GVIC Cluster","300",""
"167386212","10/10/2014 12:35:00 PM","10/10/2014 4:35:00 PM","1412958900","mem.consumed.minimum","KB","Amount of host physical memory consumed by a virtual machine, host, or cluster","GVIC Cluster","300",""
"167393756","10/10/2014 1:00:00 PM","10/10/2014 5:00:00 PM","1412960400","mem.consumed.maximum","KB","Amount of host physical memory consumed by a virtual machine, host, or cluster","GVIC Cluster","300",""
"167391636","10/10/2014 12:55:00 PM","10/10/2014 4:55:00 PM","1412960100","mem.consumed.maximum","KB","Amount of host physical memory consumed by a virtual machine, host, or cluster","GVIC Cluster","300",""
"167390232","10/10/2014 12:50:00 PM","10/10/2014 4:50:00 PM","1412959800","mem.consumed.maximum","KB","Amount of host physical memory consumed by a virtual machine, host, or cluster","GVIC Cluster","300",""
"167390028","10/10/2014 12:45:00 PM","10/10/2014 4:45:00 PM","1412959500","mem.consumed.maximum","KB","Amount of host physical memory consumed by a virtual machine, host, or cluster","GVIC Cluster","300",""
"167389880","10/10/2014 12:40:00 PM","10/10/2014 4:40:00 PM","1412959200","mem.consumed.maximum","KB","Amount of host physical memory consumed by a virtual machine, host, or cluster","GVIC Cluster","300",""
"167389432","10/10/2014 12:35:00 PM","10/10/2014 4:35:00 PM","1412958900","mem.consumed.maximum","KB","Amount of host physical memory consumed by a virtual machine, host, or cluster","GVIC Cluster","300",""
"1369926","10/10/2014 1:00:00 PM","10/10/2014 5:00:00 PM","1412960400","mem.overhead.average","KB","Host physical memory (KB) consumed by the virtualization infrastructure for running the virtual machine","GVIC Cluster","300",""
"1369996","10/10/2014 12:55:00 PM","10/10/2014 4:55:00 PM","1412960100","mem.overhead.average","KB","Host physical memory (KB) consumed by the virtualization infrastructure for running the virtual machine","GVIC Cluster","300",""
"1370315","10/10/2014 12:50:00 PM","10/10/2014 4:50:00 PM","1412959800","mem.overhead.average","KB","Host physical memory (KB) consumed by the virtualization infrastructure for running the virtual machine","GVIC Cluster","300",""
"1370090","10/10/2014 12:45:00 PM","10/10/2014 4:45:00 PM","1412959500","mem.overhead.average","KB","Host physical memory (KB) consumed by the virtualization infrastructure for running the virtual machine","GVIC Cluster","300",""
"1369803","10/10/2014 12:40:00 PM","10/10/2014 4:40:00 PM","1412959200","mem.overhead.average","KB","Host physical memory (KB) consumed by the virtualization infrastructure for running the virtual machine","GVIC Cluster","300",""
"2016491","10/10/2014 12:35:00 PM","10/10/2014 4:35:00 PM","1412958900","mem.overhead.average","KB","Host physical memory (KB) consumed by the virtualization infrastructure for running the virtual machine","GVIC Cluster","300",""
"1367404","10/10/2014 1:00:00 PM","10/10/2014 5:00:00 PM","1412960400","mem.overhead.minimum","KB","Host physical memory (KB) consumed by the virtualization infrastructure for running the virtual machine","GVIC Cluster","300",""
"1367644","10/10/2014 12:55:00 PM","10/10/2014 4:55:00 PM","1412960100","mem.overhead.minimum","KB","Host physical memory (KB) consumed by the virtualization infrastructure for running the virtual machine","GVIC Cluster","300",""
"1367708","10/10/2014 12:50:00 PM","10/10/2014 4:50:00 PM","1412959800","mem.overhead.minimum","KB","Host physical memory (KB) consumed by the virtualization infrastructure for running the virtual machine","GVIC Cluster","300",""
"1367468","10/10/2014 12:45:00 PM","10/10/2014 4:45:00 PM","1412959500","mem.overhead.minimum","KB","Host physical memory (KB) consumed by the virtualization infrastructure for running the virtual machine","GVIC Cluster","300",""
"1367516","10/10/2014 12:40:00 PM","10/10/2014 4:40:00 PM","1412959200","mem.overhead.minimum","KB","Host physical memory (KB) consumed by the virtualization infrastructure for running the virtual machine","GVIC Cluster","300",""
"2011872","10/10/2014 12:35:00 PM","10/10/2014 4:35:00 PM","1412958900","mem.overhead.minimum","KB","Host physical memory (KB) consumed by the virtualization infrastructure for running the virtual machine","GVIC Cluster","300",""
"1372892","10/10/2014 1:00:00 PM","10/10/2014 5:00:00 PM","1412960400","mem.overhead.maximum","KB","Host physical memory (KB) consumed by the virtualization infrastructure for running the virtual machine","GVIC Cluster","300",""
"1373020","10/10/2014 12:55:00 PM","10/10/2014 4:55:00 PM","1412960100","mem.overhead.maximum","KB","Host physical memory (KB) consumed by the virtualization infrastructure for running the virtual machine","GVIC Cluster","300",""
"1372940","10/10/2014 12:50:00 PM","10/10/2014 4:50:00 PM","1412959800","mem.overhead.maximum","KB","Host physical memory (KB) consumed by the virtualization infrastructure for running the virtual machine","GVIC Cluster","300",""
"1373116","10/10/2014 12:45:00 PM","10/10/2014 4:45:00 PM","1412959500","mem.overhead.maximum","KB","Host physical memory (KB) consumed by the virtualization infrastructure for running the virtual machine","GVIC Cluster","300",""
"1372252","10/10/2014 12:40:00 PM","10/10/2014 4:40:00 PM","1412959200","mem.overhead.maximum","KB","Host physical memory (KB) consumed by the virtualization infrastructure for running the virtual machine","GVIC Cluster","300",""
"2021440","10/10/2014 12:35:00 PM","10/10/2014 4:35:00 PM","1412958900","mem.overhead.maximum","KB","Host physical memory (KB) consumed by the virtualization infrastructure for running the virtual machine","GVIC Cluster","300",""
"0","10/10/2014 1:00:00 PM","10/10/2014 5:00:00 PM","1412960400","mem.compressed.average","KB","Amount of guest physical memory compressed by ESX/ESXi","GVIC Cluster","300",""
"0","10/10/2014 12:55:00 PM","10/10/2014 4:55:00 PM","1412960100","mem.compressed.average","KB","Amount of guest physical memory compressed by ESX/ESXi","GVIC Cluster","300",""
"0","10/10/2014 12:50:00 PM","10/10/2014 4:50:00 PM","1412959800","mem.compressed.average","KB","Amount of guest physical memory compressed by ESX/ESXi","GVIC Cluster","300",""
"0","10/10/2014 12:45:00 PM","10/10/2014 4:45:00 PM","1412959500","mem.compressed.average","KB","Amount of guest physical memory compressed by ESX/ESXi","GVIC Cluster","300",""
"0","10/10/2014 12:40:00 PM","10/10/2014 4:40:00 PM","1412959200","mem.compressed.average","KB","Amount of guest physical memory compressed by ESX/ESXi","GVIC Cluster","300",""
"0","10/10/2014 12:35:00 PM","10/10/2014 4:35:00 PM","1412958900","mem.compressed.average","KB","Amount of guest physical memory compressed by ESX/ESXi","GVIC Cluster","300",""
"0","10/10/2014 1:00:00 PM","10/10/2014 5:00:00 PM","1412960400","mem.compressionrate.average","KBps","Rate of memory compression for the virtual machine","GVIC Cluster","300",""
"0","10/10/2014 12:55:00 PM","10/10/2014 4:55:00 PM","1412960100","mem.compressionrate.average","KBps","Rate of memory compression for the virtual machine","GVIC Cluster","300",""
"0","10/10/2014 12:50:00 PM","10/10/2014 4:50:00 PM","1412959800","mem.compressionrate.average","KBps","Rate of memory compression for the virtual machine","GVIC Cluster","300",""
"0","10/10/2014 12:45:00 PM","10/10/2014 4:45:00 PM","1412959500","mem.compressionrate.average","KBps","Rate of memory compression for the virtual machine","GVIC Cluster","300",""
"0","10/10/2014 12:40:00 PM","10/10/2014 4:40:00 PM","1412959200","mem.compressionrate.average","KBps","Rate of memory compression for the virtual machine","GVIC Cluster","300",""
"0","10/10/2014 12:35:00 PM","10/10/2014 4:35:00 PM","1412958900","mem.compressionrate.average","KBps","Rate of memory compression for the virtual machine","GVIC Cluster","300",""
"0","10/10/2014 1:00:00 PM","10/10/2014 5:00:00 PM","1412960400","mem.decompressionrate.average","KBps","Rate of memory decompression for the virtual machine","GVIC Cluster","300",""
"0","10/10/2014 12:55:00 PM","10/10/2014 4:55:00 PM","1412960100","mem.decompressionrate.average","KBps","Rate of memory decompression for the virtual machine","GVIC Cluster","300",""
"0","10/10/2014 12:50:00 PM","10/10/2014 4:50:00 PM","1412959800","mem.decompressionrate.average","KBps","Rate of memory decompression for the virtual machine","GVIC Cluster","300",""
"0","10/10/2014 12:45:00 PM","10/10/2014 4:45:00 PM","1412959500","mem.decompressionrate.average","KBps","Rate of memory decompression for the virtual machine","GVIC Cluster","300",""
"0","10/10/2014 12:40:00 PM","10/10/2014 4:40:00 PM","1412959200","mem.decompressionrate.average","KBps","Rate of memory decompression for the virtual machine","GVIC Cluster","300",""
"0","10/10/2014 12:35:00 PM","10/10/2014 4:35:00 PM","1412958900","mem.decompressionrate.average","KBps","Rate of memory decompression for the virtual machine","GVIC Cluster","300",""
"402556928","10/10/2014 1:00:00 PM","10/10/2014 5:00:00 PM","1412960400","mem.capacity.provisioned.average","KB","Total amount of guest physical memory configured for the virtual machine","GVIC Cluster","300",""
"402556928","10/10/2014 12:55:00 PM","10/10/2014 4:55:00 PM","1412960100","mem.capacity.provisioned.average","KB","Total amount of guest physical memory configured for the virtual machine","GVIC Cluster","300",""
"402556928","10/10/2014 12:50:00 PM","10/10/2014 4:50:00 PM","1412959800","mem.capacity.provisioned.average","KB","Total amount of guest physical memory configured for the virtual machine","GVIC Cluster","300",""
"402556928","10/10/2014 12:45:00 PM","10/10/2014 4:45:00 PM","1412959500","mem.capacity.provisioned.average","KB","Total amount of guest physical memory configured for the virtual machine","GVIC Cluster","300",""
"402556928","10/10/2014 12:40:00 PM","10/10/2014 4:40:00 PM","1412959200","mem.capacity.provisioned.average","KB","Total amount of guest physical memory configured for the virtual machine","GVIC Cluster","300",""
"402556928","10/10/2014 12:35:00 PM","10/10/2014 4:35:00 PM","1412958900","mem.capacity.provisioned.average","KB","Total amount of guest physical memory configured for the virtual machine","GVIC Cluster","300",""
"109333987","10/10/2014 1:00:00 PM","10/10/2014 5:00:00 PM","1412960400","mem.capacity.entitlement.average","KB","Amount of host physical memory the virtual machine is entitled to, as determined by the ESX scheduler","GVIC Cluster","300",""
"109328887","10/10/2014 12:55:00 PM","10/10/2014 4:55:00 PM","1412960100","mem.capacity.entitlement.average","KB","Amount of host physical memory the virtual machine is entitled to, as determined by the ESX scheduler","GVIC Cluster","300",""
"109344688","10/10/2014 12:50:00 PM","10/10/2014 4:50:00 PM","1412959800","mem.capacity.entitlement.average","KB","Amount of host physical memory the virtual machine is entitled to, as determined by the ESX scheduler","GVIC Cluster","300",""
"109345550","10/10/2014 12:45:00 PM","10/10/2014 4:45:00 PM","1412959500","mem.capacity.entitlement.average","KB","Amount of host physical memory the virtual machine is entitled to, as determined by the ESX scheduler","GVIC Cluster","300",""
"109319242","10/10/2014 12:40:00 PM","10/10/2014 4:40:00 PM","1412959200","mem.capacity.entitlement.average","KB","Amount of host physical memory the virtual machine is entitled to, as determined by the ESX scheduler","GVIC Cluster","300",""
"159406204","10/10/2014 12:35:00 PM","10/10/2014 4:35:00 PM","1412958900","mem.capacity.entitlement.average","KB","Amount of host physical memory the virtual machine is entitled to, as determined by the ESX scheduler","GVIC Cluster","300",""
"394023849","10/10/2014 1:00:00 PM","10/10/2014 5:00:00 PM","1412960400","mem.capacity.usable.average","KB","Amount of host physical memory available for use by virtual machines on this host","GVIC Cluster","300",""
"394023902","10/10/2014 12:55:00 PM","10/10/2014 4:55:00 PM","1412960100","mem.capacity.usable.average","KB","Amount of host physical memory available for use by virtual machines on this host","GVIC Cluster","300",""
"394024796","10/10/2014 12:50:00 PM","10/10/2014 4:50:00 PM","1412959800","mem.capacity.usable.average","KB","Amount of host physical memory available for use by virtual machines on this host","GVIC Cluster","300",""
"394024428","10/10/2014 12:45:00 PM","10/10/2014 4:45:00 PM","1412959500","mem.capacity.usable.average","KB","Amount of host physical memory available for use by virtual machines on this host","GVIC Cluster","300",""
"394024942","10/10/2014 12:40:00 PM","10/10/2014 4:40:00 PM","1412959200","mem.capacity.usable.average","KB","Amount of host physical memory available for use by virtual machines on this host","GVIC Cluster","300",""
"394024498","10/10/2014 12:35:00 PM","10/10/2014 4:35:00 PM","1412958900","mem.capacity.usable.average","KB","Amount of host physical memory available for use by virtual machines on this host","GVIC Cluster","300",""
"22301658","10/10/2014 1:00:00 PM","10/10/2014 5:00:00 PM","1412960400","mem.capacity.usage.average","KB","Amount of host physical memory actively used","GVIC Cluster","300",""
"22348806","10/10/2014 12:55:00 PM","10/10/2014 4:55:00 PM","1412960100","mem.capacity.usage.average","KB","Amount of host physical memory actively used","GVIC Cluster","300",""
"22607957","10/10/2014 12:50:00 PM","10/10/2014 4:50:00 PM","1412959800","mem.capacity.usage.average","KB","Amount of host physical memory actively used","GVIC Cluster","300",""
"23059538","10/10/2014 12:45:00 PM","10/10/2014 4:45:00 PM","1412959500","mem.capacity.usage.average","KB","Amount of host physical memory actively used","GVIC Cluster","300",""
"25061749","10/10/2014 12:40:00 PM","10/10/2014 4:40:00 PM","1412959200","mem.capacity.usage.average","KB","Amount of host physical memory actively used","GVIC Cluster","300",""
"24589251","10/10/2014 12:35:00 PM","10/10/2014 4:35:00 PM","1412958900","mem.capacity.usage.average","KB","Amount of host physical memory actively used","GVIC Cluster","300",""
"0","10/10/2014 1:00:00 PM","10/10/2014 5:00:00 PM","1412960400","mem.capacity.contention.average","%","Percentage of time the virtual machine is waiting to access swapped, compressed or ballooned memory","GVIC Cluster","300",""
"0","10/10/2014 12:55:00 PM","10/10/2014 4:55:00 PM","1412960100","mem.capacity.contention.average","%","Percentage of time the virtual machine is waiting to access swapped, compressed or ballooned memory","GVIC Cluster","300",""
"0","10/10/2014 12:50:00 PM","10/10/2014 4:50:00 PM","1412959800","mem.capacity.contention.average","%","Percentage of time the virtual machine is waiting to access swapped, compressed or ballooned memory","GVIC Cluster","300",""
"0","10/10/2014 12:45:00 PM","10/10/2014 4:45:00 PM","1412959500","mem.capacity.contention.average","%","Percentage of time the virtual machine is waiting to access swapped, compressed or ballooned memory","GVIC Cluster","300",""
"0","10/10/2014 12:40:00 PM","10/10/2014 4:40:00 PM","1412959200","mem.capacity.contention.average","%","Percentage of time the virtual machine is waiting to access swapped, compressed or ballooned memory","GVIC Cluster","300",""
"0","10/10/2014 12:35:00 PM","10/10/2014 4:35:00 PM","1412958900","mem.capacity.contention.average","%","Percentage of time the virtual machine is waiting to access swapped, compressed or ballooned memory","GVIC Cluster","300",""
"1541446","10/10/2014 1:00:00 PM","10/10/2014 5:00:00 PM","1412960400","disk.throughput.usage.average","KBps","Aggregated disk I/O rate","GVIC Cluster","300",""
"3001150","10/10/2014 12:55:00 PM","10/10/2014 4:55:00 PM","1412960100","disk.throughput.usage.average","KBps","Aggregated disk I/O rate","GVIC Cluster","300",""
"2885805","10/10/2014 12:50:00 PM","10/10/2014 4:50:00 PM","1412959800","disk.throughput.usage.average","KBps","Aggregated disk I/O rate","GVIC Cluster","300",""
"21016027","10/10/2014 12:45:00 PM","10/10/2014 4:45:00 PM","1412959500","disk.throughput.usage.average","KBps","Aggregated disk I/O rate","GVIC Cluster","300",""
"2150347","10/10/2014 12:40:00 PM","10/10/2014 4:40:00 PM","1412959200","disk.throughput.usage.average","KBps","Aggregated disk I/O rate","GVIC Cluster","300",""
"7242435","10/10/2014 12:35:00 PM","10/10/2014 4:35:00 PM","1412958900","disk.throughput.usage.average","KBps","Aggregated disk I/O rate","GVIC Cluster","300",""
"13","10/10/2014 1:00:00 PM","10/10/2014 5:00:00 PM","1412960400","disk.throughput.contention.average","millisecond","Average amount of time for an I/O operation to complete","GVIC Cluster","300",""
"16","10/10/2014 12:55:00 PM","10/10/2014 4:55:00 PM","1412960100","disk.throughput.contention.average","millisecond","Average amount of time for an I/O operation to complete","GVIC Cluster","300",""
"16","10/10/2014 12:50:00 PM","10/10/2014 4:50:00 PM","1412959800","disk.throughput.contention.average","millisecond","Average amount of time for an I/O operation to complete","GVIC Cluster","300",""
"23","10/10/2014 12:45:00 PM","10/10/2014 4:45:00 PM","1412959500","disk.throughput.contention.average","millisecond","Average amount of time for an I/O operation to complete","GVIC Cluster","300",""
"17","10/10/2014 12:40:00 PM","10/10/2014 4:40:00 PM","1412959200","disk.throughput.contention.average","millisecond","Average amount of time for an I/O operation to complete","GVIC Cluster","300",""
"17","10/10/2014 12:35:00 PM","10/10/2014 4:35:00 PM","1412958900","disk.throughput.contention.average","millisecond","Average amount of time for an I/O operation to complete","GVIC Cluster","300",""
"61446144","10/10/2014 1:00:00 PM","10/10/2014 5:00:00 PM","1412960400","net.throughput.provisioned.average","KBps","Provisioned pNic I/O Throughput","GVIC Cluster","300",""
"61446144","10/10/2014 12:55:00 PM","10/10/2014 4:55:00 PM","1412960100","net.throughput.provisioned.average","KBps","Provisioned pNic I/O Throughput","GVIC Cluster","300",""
"61446144","10/10/2014 12:50:00 PM","10/10/2014 4:50:00 PM","1412959800","net.throughput.provisioned.average","KBps","Provisioned pNic I/O Throughput","GVIC Cluster","300",""
"61446144","10/10/2014 12:45:00 PM","10/10/2014 4:45:00 PM","1412959500","net.throughput.provisioned.average","KBps","Provisioned pNic I/O Throughput","GVIC Cluster","300",""
"61446144","10/10/2014 12:40:00 PM","10/10/2014 4:40:00 PM","1412959200","net.throughput.provisioned.average","KBps","Provisioned pNic I/O Throughput","GVIC Cluster","300",""
"61446144","10/10/2014 12:35:00 PM","10/10/2014 4:35:00 PM","1412958900","net.throughput.provisioned.average","KBps","Provisioned pNic I/O Throughput","GVIC Cluster","300",""
"61446144","10/10/2014 1:00:00 PM","10/10/2014 5:00:00 PM","1412960400","net.throughput.usable.average","KBps","Usable pNic I/O Throughput","GVIC Cluster","300",""
"61446144","10/10/2014 12:55:00 PM","10/10/2014 4:55:00 PM","1412960100","net.throughput.usable.average","KBps","Usable pNic I/O Throughput","GVIC Cluster","300",""
"61446144","10/10/2014 12:50:00 PM","10/10/2014 4:50:00 PM","1412959800","net.throughput.usable.average","KBps","Usable pNic I/O Throughput","GVIC Cluster","300",""
"61446144","10/10/2014 12:45:00 PM","10/10/2014 4:45:00 PM","1412959500","net.throughput.usable.average","KBps","Usable pNic I/O Throughput","GVIC Cluster","300",""
"61446144","10/10/2014 12:40:00 PM","10/10/2014 4:40:00 PM","1412959200","net.throughput.usable.average","KBps","Usable pNic I/O Throughput","GVIC Cluster","300",""
"61446144","10/10/2014 12:35:00 PM","10/10/2014 4:35:00 PM","1412958900","net.throughput.usable.average","KBps","Usable pNic I/O Throughput","GVIC Cluster","300",""
"353","10/10/2014 1:00:00 PM","10/10/2014 5:00:00 PM","1412960400","net.throughput.usage.average","KBps","Average vNic I/O rate","GVIC Cluster","300",""
"399","10/10/2014 12:55:00 PM","10/10/2014 4:55:00 PM","1412960100","net.throughput.usage.average","KBps","Average vNic I/O rate","GVIC Cluster","300",""
"366","10/10/2014 12:50:00 PM","10/10/2014 4:50:00 PM","1412959800","net.throughput.usage.average","KBps","Average vNic I/O rate","GVIC Cluster","300",""
"370","10/10/2014 12:45:00 PM","10/10/2014 4:45:00 PM","1412959500","net.throughput.usage.average","KBps","Average vNic I/O rate","GVIC Cluster","300",""
"629","10/10/2014 12:40:00 PM","10/10/2014 4:40:00 PM","1412959200","net.throughput.usage.average","KBps","Average vNic I/O rate","GVIC Cluster","300",""
"909","10/10/2014 12:35:00 PM","10/10/2014 4:35:00 PM","1412958900","net.throughput.usage.average","KBps","Average vNic I/O rate","GVIC Cluster","300",""
"0","10/10/2014 1:00:00 PM","10/10/2014 5:00:00 PM","1412960400","net.throughput.contention.summation","number","Count of vNic packet drops","GVIC Cluster","300",""
"0","10/10/2014 12:55:00 PM","10/10/2014 4:55:00 PM","1412960100","net.throughput.contention.summation","number","Count of vNic packet drops","GVIC Cluster","300",""
"0","10/10/2014 12:50:00 PM","10/10/2014 4:50:00 PM","1412959800","net.throughput.contention.summation","number","Count of vNic packet drops","GVIC Cluster","300",""
"0","10/10/2014 12:45:00 PM","10/10/2014 4:45:00 PM","1412959500","net.throughput.contention.summation","number","Count of vNic packet drops","GVIC Cluster","300",""
"0","10/10/2014 12:40:00 PM","10/10/2014 4:40:00 PM","1412959200","net.throughput.contention.summation","number","Count of vNic packet drops","GVIC Cluster","300",""
"0","10/10/2014 12:35:00 PM","10/10/2014 4:35:00 PM","1412958900","net.throughput.contention.summation","number","Count of vNic packet drops","GVIC Cluster","300",""
"387","10/10/2014 1:00:00 PM","10/10/2014 5:00:00 PM","1412960400","power.power.average","watt","Current power usage","GVIC Cluster","300",""
"387","10/10/2014 12:55:00 PM","10/10/2014 4:55:00 PM","1412960100","power.power.average","watt","Current power usage","GVIC Cluster","300",""
"387","10/10/2014 12:50:00 PM","10/10/2014 4:50:00 PM","1412959800","power.power.average","watt","Current power usage","GVIC Cluster","300",""
"388","10/10/2014 12:45:00 PM","10/10/2014 4:45:00 PM","1412959500","power.power.average","watt","Current power usage","GVIC Cluster","300",""
"387","10/10/2014 12:40:00 PM","10/10/2014 4:40:00 PM","1412959200","power.power.average","watt","Current power usage","GVIC Cluster","300",""
"387","10/10/2014 12:35:00 PM","10/10/2014 4:35:00 PM","1412958900","power.power.average","watt","Current power usage","GVIC Cluster","300",""
"2420","10/10/2014 1:00:00 PM","10/10/2014 5:00:00 PM","1412960400","power.powercap.average","watt","Maximum allowed power usage","GVIC Cluster","300",""
"2420","10/10/2014 12:55:00 PM","10/10/2014 4:55:00 PM","1412960100","power.powercap.average","watt","Maximum allowed power usage","GVIC Cluster","300",""
"2420","10/10/2014 12:50:00 PM","10/10/2014 4:50:00 PM","1412959800","power.powercap.average","watt","Maximum allowed power usage","GVIC Cluster","300",""
"2420","10/10/2014 12:45:00 PM","10/10/2014 4:45:00 PM","1412959500","power.powercap.average","watt","Maximum allowed power usage","GVIC Cluster","300",""
"2420","10/10/2014 12:40:00 PM","10/10/2014 4:40:00 PM","1412959200","power.powercap.average","watt","Maximum allowed power usage","GVIC Cluster","300",""
"2420","10/10/2014 12:35:00 PM","10/10/2014 4:35:00 PM","1412958900","power.powercap.average","watt","Maximum allowed power usage","GVIC Cluster","300",""
"117002","10/10/2014 1:00:00 PM","10/10/2014 5:00:00 PM","1412960400","power.energy.summation","joule","Total energy used since last stats reset","GVIC Cluster","300",""
"117000","10/10/2014 12:55:00 PM","10/10/2014 4:55:00 PM","1412960100","power.energy.summation","joule","Total energy used since last stats reset","GVIC Cluster","300",""
"116999","10/10/2014 12:50:00 PM","10/10/2014 4:50:00 PM","1412959800","power.energy.summation","joule","Total energy used since last stats reset","GVIC Cluster","300",""
"117000","10/10/2014 12:45:00 PM","10/10/2014 4:45:00 PM","1412959500","power.energy.summation","joule","Total energy used since last stats reset","GVIC Cluster","300",""
"117001","10/10/2014 12:40:00 PM","10/10/2014 4:40:00 PM","1412959200","power.energy.summation","joule","Total energy used since last stats reset","GVIC Cluster","300",""
"117001","10/10/2014 12:35:00 PM","10/10/2014 4:35:00 PM","1412958900","power.energy.summation","joule","Total energy used since last stats reset","GVIC Cluster","300",""
"917","10/10/2014 1:00:00 PM","10/10/2014 5:00:00 PM","1412960400","vmop.numpoweron.latest","number","Number of virtual machine power on operations","GVIC Cluster","300",""
"917","10/10/2014 12:55:00 PM","10/10/2014 4:55:00 PM","1412960100","vmop.numpoweron.latest","number","Number of virtual machine power on operations","GVIC Cluster","300",""
"917","10/10/2014 12:50:00 PM","10/10/2014 4:50:00 PM","1412959800","vmop.numpoweron.latest","number","Number of virtual machine power on operations","GVIC Cluster","300",""
"917","10/10/2014 12:45:00 PM","10/10/2014 4:45:00 PM","1412959500","vmop.numpoweron.latest","number","Number of virtual machine power on operations","GVIC Cluster","300",""
"917","10/10/2014 12:40:00 PM","10/10/2014 4:40:00 PM","1412959200","vmop.numpoweron.latest","number","Number of virtual machine power on operations","GVIC Cluster","300",""
"917","10/10/2014 12:35:00 PM","10/10/2014 4:35:00 PM","1412958900","vmop.numpoweron.latest","number","Number of virtual machine power on operations","GVIC Cluster","300",""
"184","10/10/2014 1:00:00 PM","10/10/2014 5:00:00 PM","1412960400","vmop.numpoweroff.latest","number","Number of virtual machine power off operations","GVIC Cluster","300",""
"184","10/10/2014 12:55:00 PM","10/10/2014 4:55:00 PM","1412960100","vmop.numpoweroff.latest","number","Number of virtual machine power off operations","GVIC Cluster","300",""
"184","10/10/2014 12:50:00 PM","10/10/2014 4:50:00 PM","1412959800","vmop.numpoweroff.latest","number","Number of virtual machine power off operations","GVIC Cluster","300",""
"184","10/10/2014 12:45:00 PM","10/10/2014 4:45:00 PM","1412959500","vmop.numpoweroff.latest","number","Number of virtual machine power off operations","GVIC Cluster","300",""
"184","10/10/2014 12:40:00 PM","10/10/2014 4:40:00 PM","1412959200","vmop.numpoweroff.latest","number","Number of virtual machine power off operations","GVIC Cluster","300",""
"184","10/10/2014 12:35:00 PM","10/10/2014 4:35:00 PM","1412958900","vmop.numpoweroff.latest","number","Number of virtual machine power off operations","GVIC Cluster","300",""
"3","10/10/2014 1:00:00 PM","10/10/2014 5:00:00 PM","1412960400","vmop.numsuspend.latest","number","Number of virtual machine suspend operations","GVIC Cluster","300",""
"3","10/10/2014 12:55:00 PM","10/10/2014 4:55:00 PM","1412960100","vmop.numsuspend.latest","number","Number of virtual machine suspend operations","GVIC Cluster","300",""
"3","10/10/2014 12:50:00 PM","10/10/2014 4:50:00 PM","1412959800","vmop.numsuspend.latest","number","Number of virtual machine suspend operations","GVIC Cluster","300",""
"3","10/10/2014 12:45:00 PM","10/10/2014 4:45:00 PM","1412959500","vmop.numsuspend.latest","number","Number of virtual machine suspend operations","GVIC Cluster","300",""
"3","10/10/2014 12:40:00 PM","10/10/2014 4:40:00 PM","1412959200","vmop.numsuspend.latest","number","Number of virtual machine suspend operations","GVIC Cluster","300",""
"3","10/10/2014 12:35:00 PM","10/10/2014 4:35:00 PM","1412958900","vmop.numsuspend.latest","number","Number of virtual machine suspend operations","GVIC Cluster","300",""
"27","10/10/2014 1:00:00 PM","10/10/2014 5:00:00 PM","1412960400","vmop.numreset.latest","number","Number of virtual machine reset operations","GVIC Cluster","300",""
"27","10/10/2014 12:55:00 PM","10/10/2014 4:55:00 PM","1412960100","vmop.numreset.latest","number","Number of virtual machine reset operations","GVIC Cluster","300",""
"27","10/10/2014 12:50:00 PM","10/10/2014 4:50:00 PM","1412959800","vmop.numreset.latest","number","Number of virtual machine reset operations","GVIC Cluster","300",""
"27","10/10/2014 12:45:00 PM","10/10/2014 4:45:00 PM","1412959500","vmop.numreset.latest","number","Number of virtual machine reset operations","GVIC Cluster","300",""
"27","10/10/2014 12:40:00 PM","10/10/2014 4:40:00 PM","1412959200","vmop.numreset.latest","number","Number of virtual machine reset operations","GVIC Cluster","300",""
"27","10/10/2014 12:35:00 PM","10/10/2014 4:35:00 PM","1412958900","vmop.numreset.latest","number","Number of virtual machine reset operations","GVIC Cluster","300",""
"17","10/10/2014 1:00:00 PM","10/10/2014 5:00:00 PM","1412960400","vmop.numrebootguest.latest","number","Number of virtual machine guest reboot operations","GVIC Cluster","300",""
"17","10/10/2014 12:55:00 PM","10/10/2014 4:55:00 PM","1412960100","vmop.numrebootguest.latest","number","Number of virtual machine guest reboot operations","GVIC Cluster","300",""
"17","10/10/2014 12:50:00 PM","10/10/2014 4:50:00 PM","1412959800","vmop.numrebootguest.latest","number","Number of virtual machine guest reboot operations","GVIC Cluster","300",""
"17","10/10/2014 12:45:00 PM","10/10/2014 4:45:00 PM","1412959500","vmop.numrebootguest.latest","number","Number of virtual machine guest reboot operations","GVIC Cluster","300",""
"17","10/10/2014 12:40:00 PM","10/10/2014 4:40:00 PM","1412959200","vmop.numrebootguest.latest","number","Number of virtual machine guest reboot operations","GVIC Cluster","300",""
"17","10/10/2014 12:35:00 PM","10/10/2014 4:35:00 PM","1412958900","vmop.numrebootguest.latest","number","Number of virtual machine guest reboot operations","GVIC Cluster","300",""
"0","10/10/2014 1:00:00 PM","10/10/2014 5:00:00 PM","1412960400","vmop.numstandbyguest.latest","number","Number of virtual machine standby guest operations","GVIC Cluster","300",""
"0","10/10/2014 12:55:00 PM","10/10/2014 4:55:00 PM","1412960100","vmop.numstandbyguest.latest","number","Number of virtual machine standby guest operations","GVIC Cluster","300",""
"0","10/10/2014 12:50:00 PM","10/10/2014 4:50:00 PM","1412959800","vmop.numstandbyguest.latest","number","Number of virtual machine standby guest operations","GVIC Cluster","300",""
"0","10/10/2014 12:45:00 PM","10/10/2014 4:45:00 PM","1412959500","vmop.numstandbyguest.latest","number","Number of virtual machine standby guest operations","GVIC Cluster","300",""
"0","10/10/2014 12:40:00 PM","10/10/2014 4:40:00 PM","1412959200","vmop.numstandbyguest.latest","number","Number of virtual machine standby guest operations","GVIC Cluster","300",""
"0","10/10/2014 12:35:00 PM","10/10/2014 4:35:00 PM","1412958900","vmop.numstandbyguest.latest","number","Number of virtual machine standby guest operations","GVIC Cluster","300",""
"71","10/10/2014 1:00:00 PM","10/10/2014 5:00:00 PM","1412960400","vmop.numshutdownguest.latest","number","Number of virtual machine guest shutdown operations","GVIC Cluster","300",""
"71","10/10/2014 12:55:00 PM","10/10/2014 4:55:00 PM","1412960100","vmop.numshutdownguest.latest","number","Number of virtual machine guest shutdown operations","GVIC Cluster","300",""
"71","10/10/2014 12:50:00 PM","10/10/2014 4:50:00 PM","1412959800","vmop.numshutdownguest.latest","number","Number of virtual machine guest shutdown operations","GVIC Cluster","300",""
"71","10/10/2014 12:45:00 PM","10/10/2014 4:45:00 PM","1412959500","vmop.numshutdownguest.latest","number","Number of virtual machine guest shutdown operations","GVIC Cluster","300",""
"71","10/10/2014 12:40:00 PM","10/10/2014 4:40:00 PM","1412959200","vmop.numshutdownguest.latest","number","Number of virtual machine guest shutdown operations","GVIC Cluster","300",""
"71","10/10/2014 12:35:00 PM","10/10/2014 4:35:00 PM","1412958900","vmop.numshutdownguest.latest","number","Number of virtual machine guest shutdown operations","GVIC Cluster","300",""
"64","10/10/2014 1:00:00 PM","10/10/2014 5:00:00 PM","1412960400","vmop.numcreate.latest","number","Number of virtual machine create operations","GVIC Cluster","300",""
"64","10/10/2014 12:55:00 PM","10/10/2014 4:55:00 PM","1412960100","vmop.numcreate.latest","number","Number of virtual machine create operations","GVIC Cluster","300",""
"64","10/10/2014 12:50:00 PM","10/10/2014 4:50:00 PM","1412959800","vmop.numcreate.latest","number","Number of virtual machine create operations","GVIC Cluster","300",""
"64","10/10/2014 12:45:00 PM","10/10/2014 4:45:00 PM","1412959500","vmop.numcreate.latest","number","Number of virtual machine create operations","GVIC Cluster","300",""
"64","10/10/2014 12:40:00 PM","10/10/2014 4:40:00 PM","1412959200","vmop.numcreate.latest","number","Number of virtual machine create operations","GVIC Cluster","300",""
"64","10/10/2014 12:35:00 PM","10/10/2014 4:35:00 PM","1412958900","vmop.numcreate.latest","number","Number of virtual machine create operations","GVIC Cluster","300",""
"556","10/10/2014 1:00:00 PM","10/10/2014 5:00:00 PM","1412960400","vmop.numdestroy.latest","number","Number of virtual machine delete operations","GVIC Cluster","300",""
"556","10/10/2014 12:55:00 PM","10/10/2014 4:55:00 PM","1412960100","vmop.numdestroy.latest","number","Number of virtual machine delete operations","GVIC Cluster","300",""
"556","10/10/2014 12:50:00 PM","10/10/2014 4:50:00 PM","1412959800","vmop.numdestroy.latest","number","Number of virtual machine delete operations","GVIC Cluster","300",""
"556","10/10/2014 12:45:00 PM","10/10/2014 4:45:00 PM","1412959500","vmop.numdestroy.latest","number","Number of virtual machine delete operations","GVIC Cluster","300",""
"556","10/10/2014 12:40:00 PM","10/10/2014 4:40:00 PM","1412959200","vmop.numdestroy.latest","number","Number of virtual machine delete operations","GVIC Cluster","300",""
"556","10/10/2014 12:35:00 PM","10/10/2014 4:35:00 PM","1412958900","vmop.numdestroy.latest","number","Number of virtual machine delete operations","GVIC Cluster","300",""
"7","10/10/2014 1:00:00 PM","10/10/2014 5:00:00 PM","1412960400","vmop.numregister.latest","number","Number of virtual machine register operations","GVIC Cluster","300",""
"7","10/10/2014 12:55:00 PM","10/10/2014 4:55:00 PM","1412960100","vmop.numregister.latest","number","Number of virtual machine register operations","GVIC Cluster","300",""
"7","10/10/2014 12:50:00 PM","10/10/2014 4:50:00 PM","1412959800","vmop.numregister.latest","number","Number of virtual machine register operations","GVIC Cluster","300",""
"7","10/10/2014 12:45:00 PM","10/10/2014 4:45:00 PM","1412959500","vmop.numregister.latest","number","Number of virtual machine register operations","GVIC Cluster","300",""
"7","10/10/2014 12:40:00 PM","10/10/2014 4:40:00 PM","1412959200","vmop.numregister.latest","number","Number of virtual machine register operations","GVIC Cluster","300",""
"7","10/10/2014 12:35:00 PM","10/10/2014 4:35:00 PM","1412958900","vmop.numregister.latest","number","Number of virtual machine register operations","GVIC Cluster","300",""
"14","10/10/2014 1:00:00 PM","10/10/2014 5:00:00 PM","1412960400","vmop.numunregister.latest","number","Number of virtual machine unregister operations","GVIC Cluster","300",""
"14","10/10/2014 12:55:00 PM","10/10/2014 4:55:00 PM","1412960100","vmop.numunregister.latest","number","Number of virtual machine unregister operations","GVIC Cluster","300",""
"14","10/10/2014 12:50:00 PM","10/10/2014 4:50:00 PM","1412959800","vmop.numunregister.latest","number","Number of virtual machine unregister operations","GVIC Cluster","300",""
"14","10/10/2014 12:45:00 PM","10/10/2014 4:45:00 PM","1412959500","vmop.numunregister.latest","number","Number of virtual machine unregister operations","GVIC Cluster","300",""
"14","10/10/2014 12:40:00 PM","10/10/2014 4:40:00 PM","1412959200","vmop.numunregister.latest","number","Number of virtual machine unregister operations","GVIC Cluster","300",""
"14","10/10/2014 12:35:00 PM","10/10/2014 4:35:00 PM","1412958900","vmop.numunregister.latest","number","Number of virtual machine unregister operations","GVIC Cluster","300",""
"3342","10/10/2014 1:00:00 PM","10/10/2014 5:00:00 PM","1412960400","vmop.numreconfigure.latest","number","Number of virtual machine reconfigure operations","GVIC Cluster","300",""
"3342","10/10/2014 12:55:00 PM","10/10/2014 4:55:00 PM","1412960100","vmop.numreconfigure.latest","number","Number of virtual machine reconfigure operations","GVIC Cluster","300",""
"3342","10/10/2014 12:50:00 PM","10/10/2014 4:50:00 PM","1412959800","vmop.numreconfigure.latest","number","Number of virtual machine reconfigure operations","GVIC Cluster","300",""
"3342","10/10/2014 12:45:00 PM","10/10/2014 4:45:00 PM","1412959500","vmop.numreconfigure.latest","number","Number of virtual machine reconfigure operations","GVIC Cluster","300",""
"3342","10/10/2014 12:40:00 PM","10/10/2014 4:40:00 PM","1412959200","vmop.numreconfigure.latest","number","Number of virtual machine reconfigure operations","GVIC Cluster","300",""
"3342","10/10/2014 12:35:00 PM","10/10/2014 4:35:00 PM","1412958900","vmop.numreconfigure.latest","number","Number of virtual machine reconfigure operations","GVIC Cluster","300",""
"0","10/10/2014 1:00:00 PM","10/10/2014 5:00:00 PM","1412960400","vmop.numclone.latest","number","Number of virtual machine clone operations","GVIC Cluster","300",""
"0","10/10/2014 12:55:00 PM","10/10/2014 4:55:00 PM","1412960100","vmop.numclone.latest","number","Number of virtual machine clone operations","GVIC Cluster","300",""
"0","10/10/2014 12:50:00 PM","10/10/2014 4:50:00 PM","1412959800","vmop.numclone.latest","number","Number of virtual machine clone operations","GVIC Cluster","300",""
"0","10/10/2014 12:45:00 PM","10/10/2014 4:45:00 PM","1412959500","vmop.numclone.latest","number","Number of virtual machine clone operations","GVIC Cluster","300",""
"0","10/10/2014 12:40:00 PM","10/10/2014 4:40:00 PM","1412959200","vmop.numclone.latest","number","Number of virtual machine clone operations","GVIC Cluster","300",""
"0","10/10/2014 12:35:00 PM","10/10/2014 4:35:00 PM","1412958900","vmop.numclone.latest","number","Number of virtual machine clone operations","GVIC Cluster","300",""
"0","10/10/2014 1:00:00 PM","10/10/2014 5:00:00 PM","1412960400","vmop.numdeploy.latest","number","Number of virtual machine template deploy operations","GVIC Cluster","300",""
"0","10/10/2014 12:55:00 PM","10/10/2014 4:55:00 PM","1412960100","vmop.numdeploy.latest","number","Number of virtual machine template deploy operations","GVIC Cluster","300",""
"0","10/10/2014 12:50:00 PM","10/10/2014 4:50:00 PM","1412959800","vmop.numdeploy.latest","number","Number of virtual machine template deploy operations","GVIC Cluster","300",""
"0","10/10/2014 12:45:00 PM","10/10/2014 4:45:00 PM","1412959500","vmop.numdeploy.latest","number","Number of virtual machine template deploy operations","GVIC Cluster","300",""
"0","10/10/2014 12:40:00 PM","10/10/2014 4:40:00 PM","1412959200","vmop.numdeploy.latest","number","Number of virtual machine template deploy operations","GVIC Cluster","300",""
"0","10/10/2014 12:35:00 PM","10/10/2014 4:35:00 PM","1412958900","vmop.numdeploy.latest","number","Number of virtual machine template deploy operations","GVIC Cluster","300",""
"783","10/10/2014 1:00:00 PM","10/10/2014 5:00:00 PM","1412960400","vmop.numchangehost.latest","number","Number of host change operations for powered-off and suspended VMs","GVIC Cluster","300",""
"783","10/10/2014 12:55:00 PM","10/10/2014 4:55:00 PM","1412960100","vmop.numchangehost.latest","number","Number of host change operations for powered-off and suspended VMs","GVIC Cluster","300",""
"783","10/10/2014 12:50:00 PM","10/10/2014 4:50:00 PM","1412959800","vmop.numchangehost.latest","number","Number of host change operations for powered-off and suspended VMs","GVIC Cluster","300",""
"783","10/10/2014 12:45:00 PM","10/10/2014 4:45:00 PM","1412959500","vmop.numchangehost.latest","number","Number of host change operations for powered-off and suspended VMs","GVIC Cluster","300",""
"783","10/10/2014 12:40:00 PM","10/10/2014 4:40:00 PM","1412959200","vmop.numchangehost.latest","number","Number of host change operations for powered-off and suspended VMs","GVIC Cluster","300",""
"783","10/10/2014 12:35:00 PM","10/10/2014 4:35:00 PM","1412958900","vmop.numchangehost.latest","number","Number of host change operations for powered-off and suspended VMs","GVIC Cluster","300",""
"27","10/10/2014 1:00:00 PM","10/10/2014 5:00:00 PM","1412960400","vmop.numchangeds.latest","number","Number of datastore change operations for powered-off and suspended virtual machines","GVIC Cluster","300",""
"27","10/10/2014 12:55:00 PM","10/10/2014 4:55:00 PM","1412960100","vmop.numchangeds.latest","number","Number of datastore change operations for powered-off and suspended virtual machines","GVIC Cluster","300",""
"27","10/10/2014 12:50:00 PM","10/10/2014 4:50:00 PM","1412959800","vmop.numchangeds.latest","number","Number of datastore change operations for powered-off and suspended virtual machines","GVIC Cluster","300",""
"27","10/10/2014 12:45:00 PM","10/10/2014 4:45:00 PM","1412959500","vmop.numchangeds.latest","number","Number of datastore change operations for powered-off and suspended virtual machines","GVIC Cluster","300",""
"27","10/10/2014 12:40:00 PM","10/10/2014 4:40:00 PM","1412959200","vmop.numchangeds.latest","number","Number of datastore change operations for powered-off and suspended virtual machines","GVIC Cluster","300",""
"27","10/10/2014 12:35:00 PM","10/10/2014 4:35:00 PM","1412958900","vmop.numchangeds.latest","number","Number of datastore change operations for powered-off and suspended virtual machines","GVIC Cluster","300",""
"4","10/10/2014 1:00:00 PM","10/10/2014 5:00:00 PM","1412960400","vmop.numchangehostds.latest","number","Number of host and datastore change operations for powered-off and suspended virtual machines","GVIC Cluster","300",""
"4","10/10/2014 12:55:00 PM","10/10/2014 4:55:00 PM","1412960100","vmop.numchangehostds.latest","number","Number of host and datastore change operations for powered-off and suspended virtual machines","GVIC Cluster","300",""
"4","10/10/2014 12:50:00 PM","10/10/2014 4:50:00 PM","1412959800","vmop.numchangehostds.latest","number","Number of host and datastore change operations for powered-off and suspended virtual machines","GVIC Cluster","300",""
"4","10/10/2014 12:45:00 PM","10/10/2014 4:45:00 PM","1412959500","vmop.numchangehostds.latest","number","Number of host and datastore change operations for powered-off and suspended virtual machines","GVIC Cluster","300",""
"4","10/10/2014 12:40:00 PM","10/10/2014 4:40:00 PM","1412959200","vmop.numchangehostds.latest","number","Number of host and datastore change operations for powered-off and suspended virtual machines","GVIC Cluster","300",""
"4","10/10/2014 12:35:00 PM","10/10/2014 4:35:00 PM","1412958900","vmop.numchangehostds.latest","number","Number of host and datastore change operations for powered-off and suspended virtual machines","GVIC Cluster","300",""
"707","10/10/2014 1:00:00 PM","10/10/2014 5:00:00 PM","1412960400","vmop.numvmotion.latest","number","Number of migrations with vMotion (host change operations for powered-on VMs)","GVIC Cluster","300",""
"707","10/10/2014 12:55:00 PM","10/10/2014 4:55:00 PM","1412960100","vmop.numvmotion.latest","number","Number of migrations with vMotion (host change operations for powered-on VMs)","GVIC Cluster","300",""
"707","10/10/2014 12:50:00 PM","10/10/2014 4:50:00 PM","1412959800","vmop.numvmotion.latest","number","Number of migrations with vMotion (host change operations for powered-on VMs)","GVIC Cluster","300",""
"707","10/10/2014 12:45:00 PM","10/10/2014 4:45:00 PM","1412959500","vmop.numvmotion.latest","number","Number of migrations with vMotion (host change operations for powered-on VMs)","GVIC Cluster","300",""
"707","10/10/2014 12:40:00 PM","10/10/2014 4:40:00 PM","1412959200","vmop.numvmotion.latest","number","Number of migrations with vMotion (host change operations for powered-on VMs)","GVIC Cluster","300",""
"707","10/10/2014 12:35:00 PM","10/10/2014 4:35:00 PM","1412958900","vmop.numvmotion.latest","number","Number of migrations with vMotion (host change operations for powered-on VMs)","GVIC Cluster","300",""
"24","10/10/2014 1:00:00 PM","10/10/2014 5:00:00 PM","1412960400","vmop.numsvmotion.latest","number","Number of migrations with Storage vMotion (datastore change operations for powered-on VMs)","GVIC Cluster","300",""
"24","10/10/2014 12:55:00 PM","10/10/2014 4:55:00 PM","1412960100","vmop.numsvmotion.latest","number","Number of migrations with Storage vMotion (datastore change operations for powered-on VMs)","GVIC Cluster","300",""
"24","10/10/2014 12:50:00 PM","10/10/2014 4:50:00 PM","1412959800","vmop.numsvmotion.latest","number","Number of migrations with Storage vMotion (datastore change operations for powered-on VMs)","GVIC Cluster","300",""
"24","10/10/2014 12:45:00 PM","10/10/2014 4:45:00 PM","1412959500","vmop.numsvmotion.latest","number","Number of migrations with Storage vMotion (datastore change operations for powered-on VMs)","GVIC Cluster","300",""
"24","10/10/2014 12:40:00 PM","10/10/2014 4:40:00 PM","1412959200","vmop.numsvmotion.latest","number","Number of migrations with Storage vMotion (datastore change operations for powered-on VMs)","GVIC Cluster","300",""
"24","10/10/2014 12:35:00 PM","10/10/2014 4:35:00 PM","1412958900","vmop.numsvmotion.latest","number","Number of migrations with Storage vMotion (datastore change operations for powered-on VMs)","GVIC Cluster","300",""
"113314","10/10/2014 1:00:00 PM","10/10/2014 5:00:00 PM","1412960400","clusterservices.effectivecpu.average","MHz","Total available CPU resources of all hosts within a cluster","GVIC Cluster","300",""
"113314","10/10/2014 12:55:00 PM","10/10/2014 4:55:00 PM","1412960100","clusterservices.effectivecpu.average","MHz","Total available CPU resources of all hosts within a cluster","GVIC Cluster","300",""
"113314","10/10/2014 12:50:00 PM","10/10/2014 4:50:00 PM","1412959800","clusterservices.effectivecpu.average","MHz","Total available CPU resources of all hosts within a cluster","GVIC Cluster","300",""
"113314","10/10/2014 12:45:00 PM","10/10/2014 4:45:00 PM","1412959500","clusterservices.effectivecpu.average","MHz","Total available CPU resources of all hosts within a cluster","GVIC Cluster","300",""
"113314","10/10/2014 12:40:00 PM","10/10/2014 4:40:00 PM","1412959200","clusterservices.effectivecpu.average","MHz","Total available CPU resources of all hosts within a cluster","GVIC Cluster","300",""
"113314","10/10/2014 12:35:00 PM","10/10/2014 4:35:00 PM","1412958900","clusterservices.effectivecpu.average","MHz","Total available CPU resources of all hosts within a cluster","GVIC Cluster","300",""
"371811","10/10/2014 1:00:00 PM","10/10/2014 5:00:00 PM","1412960400","clusterservices.effectivemem.average","MB","Total amount of machine memory of all hosts in the cluster that is available for use for virtual machine memory and overhead memory","GVIC Cluster","300",""
"371811","10/10/2014 12:55:00 PM","10/10/2014 4:55:00 PM","1412960100","clusterservices.effectivemem.average","MB","Total amount of machine memory of all hosts in the cluster that is available for use for virtual machine memory and overhead memory","GVIC Cluster","300",""
"371811","10/10/2014 12:50:00 PM","10/10/2014 4:50:00 PM","1412959800","clusterservices.effectivemem.average","MB","Total amount of machine memory of all hosts in the cluster that is available for use for virtual machine memory and overhead memory","GVIC Cluster","300",""
"371811","10/10/2014 12:45:00 PM","10/10/2014 4:45:00 PM","1412959500","clusterservices.effectivemem.average","MB","Total amount of machine memory of all hosts in the cluster that is available for use for virtual machine memory and overhead memory","GVIC Cluster","300",""
"371811","10/10/2014 12:40:00 PM","10/10/2014 4:40:00 PM","1412959200","clusterservices.effectivemem.average","MB","Total amount of machine memory of all hosts in the cluster that is available for use for virtual machine memory and overhead memory","GVIC Cluster","300",""
"371811","10/10/2014 12:35:00 PM","10/10/2014 4:35:00 PM","1412958900","clusterservices.effectivemem.average","MB","Total amount of machine memory of all hosts in the cluster that is available for use for virtual machine memory and overhead memory","GVIC Cluster","300",""
"113314","10/10/2014 1:00:00 PM","10/10/2014 5:00:00 PM","1412960400","cpu.totalmhz.average","MHz","Total amount of CPU resources of all hosts in the cluster","GVIC Cluster","300",""
"113314","10/10/2014 12:55:00 PM","10/10/2014 4:55:00 PM","1412960100","cpu.totalmhz.average","MHz","Total amount of CPU resources of all hosts in the cluster","GVIC Cluster","300",""
"113314","10/10/2014 12:50:00 PM","10/10/2014 4:50:00 PM","1412959800","cpu.totalmhz.average","MHz","Total amount of CPU resources of all hosts in the cluster","GVIC Cluster","300",""
"113314","10/10/2014 12:45:00 PM","10/10/2014 4:45:00 PM","1412959500","cpu.totalmhz.average","MHz","Total amount of CPU resources of all hosts in the cluster","GVIC Cluster","300",""
"113314","10/10/2014 12:40:00 PM","10/10/2014 4:40:00 PM","1412959200","cpu.totalmhz.average","MHz","Total amount of CPU resources of all hosts in the cluster","GVIC Cluster","300",""
"113314","10/10/2014 12:35:00 PM","10/10/2014 4:35:00 PM","1412958900","cpu.totalmhz.average","MHz","Total amount of CPU resources of all hosts in the cluster","GVIC Cluster","300",""
"371811","10/10/2014 1:00:00 PM","10/10/2014 5:00:00 PM","1412960400","mem.totalmb.average","MB","Total amount of host physicalmemory of all hosts in the cluster that is available for virtual machine memory (physical memory for use by the guest OS) and virtual machine overhead memory","GVIC Cluster","300",""
"371811","10/10/2014 12:55:00 PM","10/10/2014 4:55:00 PM","1412960100","mem.totalmb.average","MB","Total amount of host physicalmemory of all hosts in the cluster that is available for virtual machine memory (physical memory for use by the guest OS) and virtual machine overhead memory","GVIC Cluster","300",""
"371811","10/10/2014 12:50:00 PM","10/10/2014 4:50:00 PM","1412959800","mem.totalmb.average","MB","Total amount of host physicalmemory of all hosts in the cluster that is available for virtual machine memory (physical memory for use by the guest OS) and virtual machine overhead memory","GVIC Cluster","300",""
"371811","10/10/2014 12:45:00 PM","10/10/2014 4:45:00 PM","1412959500","mem.totalmb.average","MB","Total amount of host physicalmemory of all hosts in the cluster that is available for virtual machine memory (physical memory for use by the guest OS) and virtual machine overhead memory","GVIC Cluster","300",""
"371811","10/10/2014 12:40:00 PM","10/10/2014 4:40:00 PM","1412959200","mem.totalmb.average","MB","Total amount of host physicalmemory of all hosts in the cluster that is available for virtual machine memory (physical memory for use by the guest OS) and virtual machine overhead memory","GVIC Cluster","300",""
"371811","10/10/2014 12:35:00 PM","10/10/2014 4:35:00 PM","1412958900","mem.totalmb.average","MB","Total amount of host physicalmemory of all hosts in the cluster that is available for virtual machine memory (physical memory for use by the guest OS) and virtual machine overhead memory","GVIC Cluster","300",""
"0","10/10/2014 1:00:00 PM","10/10/2014 5:00:00 PM","1412960400","clusterservices.failover.latest","number","vSphere HA number of failures that can be tolerated","GVIC Cluster","300",""
"0","10/10/2014 12:55:00 PM","10/10/2014 4:55:00 PM","1412960100","clusterservices.failover.latest","number","vSphere HA number of failures that can be tolerated","GVIC Cluster","300",""
"0","10/10/2014 12:50:00 PM","10/10/2014 4:50:00 PM","1412959800","clusterservices.failover.latest","number","vSphere HA number of failures that can be tolerated","GVIC Cluster","300",""
"0","10/10/2014 12:45:00 PM","10/10/2014 4:45:00 PM","1412959500","clusterservices.failover.latest","number","vSphere HA number of failures that can be tolerated","GVIC Cluster","300",""
"0","10/10/2014 12:40:00 PM","10/10/2014 4:40:00 PM","1412959200","clusterservices.failover.latest","number","vSphere HA number of failures that can be tolerated","GVIC Cluster","300",""
"0","10/10/2014 12:35:00 PM","10/10/2014 4:35:00 PM","1412958900","clusterservices.failover.latest","number","vSphere HA number of failures that can be tolerated","GVIC Cluster","300",""
"3.48","10/10/2014 1:00:00 PM","10/10/2014 5:00:00 PM","1412960400","cpu.usage.average","%","CPU usage as a percentage during the interval","GVIC Cluster","300","*"
"5.7","10/10/2014 12:55:00 PM","10/10/2014 4:55:00 PM","1412960100","cpu.usage.average","%","CPU usage as a percentage during the interval","GVIC Cluster","300","*"
"5.7","10/10/2014 12:50:00 PM","10/10/2014 4:50:00 PM","1412959800","cpu.usage.average","%","CPU usage as a percentage during the interval","GVIC Cluster","300","*"
"6.64","10/10/2014 12:45:00 PM","10/10/2014 4:45:00 PM","1412959500","cpu.usage.average","%","CPU usage as a percentage during the interval","GVIC Cluster","300","*"
"6.02","10/10/2014 12:40:00 PM","10/10/2014 4:40:00 PM","1412959200","cpu.usage.average","%","CPU usage as a percentage during the interval","GVIC Cluster","300","*"
"12.47","10/10/2014 12:35:00 PM","10/10/2014 4:35:00 PM","1412958900","cpu.usage.average","%","CPU usage as a percentage during the interval","GVIC Cluster","300","*"
"3.79","10/10/2014 1:00:00 PM","10/10/2014 5:00:00 PM","1412960400","cpu.usage.minimum","%","CPU usage as a percentage during the interval","GVIC Cluster","300","*"
"3.9","10/10/2014 12:55:00 PM","10/10/2014 4:55:00 PM","1412960100","cpu.usage.minimum","%","CPU usage as a percentage during the interval","GVIC Cluster","300","*"
"3.88","10/10/2014 12:50:00 PM","10/10/2014 4:50:00 PM","1412959800","cpu.usage.minimum","%","CPU usage as a percentage during the interval","GVIC Cluster","300","*"
"3.87","10/10/2014 12:45:00 PM","10/10/2014 4:45:00 PM","1412959500","cpu.usage.minimum","%","CPU usage as a percentage during the interval","GVIC Cluster","300","*"
"3.79","10/10/2014 12:40:00 PM","10/10/2014 4:40:00 PM","1412959200","cpu.usage.minimum","%","CPU usage as a percentage during the interval","GVIC Cluster","300","*"
"6.05","10/10/2014 12:35:00 PM","10/10/2014 4:35:00 PM","1412958900","cpu.usage.minimum","%","CPU usage as a percentage during the interval","GVIC Cluster","300","*"
"11.77","10/10/2014 1:00:00 PM","10/10/2014 5:00:00 PM","1412960400","cpu.usage.maximum","%","CPU usage as a percentage during the interval","GVIC Cluster","300","*"
"8.89","10/10/2014 12:55:00 PM","10/10/2014 4:55:00 PM","1412960100","cpu.usage.maximum","%","CPU usage as a percentage during the interval","GVIC Cluster","300","*"
"8.65","10/10/2014 12:50:00 PM","10/10/2014 4:50:00 PM","1412959800","cpu.usage.maximum","%","CPU usage as a percentage during the interval","GVIC Cluster","300","*"
"11.41","10/10/2014 12:45:00 PM","10/10/2014 4:45:00 PM","1412959500","cpu.usage.maximum","%","CPU usage as a percentage during the interval","GVIC Cluster","300","*"
"9.5","10/10/2014 12:40:00 PM","10/10/2014 4:40:00 PM","1412959200","cpu.usage.maximum","%","CPU usage as a percentage during the interval","GVIC Cluster","300","*"
"21.38","10/10/2014 12:35:00 PM","10/10/2014 4:35:00 PM","1412958900","cpu.usage.maximum","%","CPU usage as a percentage during the interval","GVIC Cluster","300","*"
"41.92","10/10/2014 1:00:00 PM","10/10/2014 5:00:00 PM","1412960400","mem.usage.average","%","Memory usage as percentage of total configured or available memory","GVIC Cluster","300","*"
"41.92","10/10/2014 12:55:00 PM","10/10/2014 4:55:00 PM","1412960100","mem.usage.average","%","Memory usage as percentage of total configured or available memory","GVIC Cluster","300","*"
"41.92","10/10/2014 12:50:00 PM","10/10/2014 4:50:00 PM","1412959800","mem.usage.average","%","Memory usage as percentage of total configured or available memory","GVIC Cluster","300","*"
"41.92","10/10/2014 12:45:00 PM","10/10/2014 4:45:00 PM","1412959500","mem.usage.average","%","Memory usage as percentage of total configured or available memory","GVIC Cluster","300","*"
"41.92","10/10/2014 12:40:00 PM","10/10/2014 4:40:00 PM","1412959200","mem.usage.average","%","Memory usage as percentage of total configured or available memory","GVIC Cluster","300","*"
"42.08","10/10/2014 12:35:00 PM","10/10/2014 4:35:00 PM","1412958900","mem.usage.average","%","Memory usage as percentage of total configured or available memory","GVIC Cluster","300","*"
"0","10/10/2014 1:00:00 PM","10/10/2014 5:00:00 PM","1412960400","mem.swapused.average","KB","Amount of memory that is used by swap","GVIC Cluster","300","*"
"0","10/10/2014 12:55:00 PM","10/10/2014 4:55:00 PM","1412960100","mem.swapused.average","KB","Amount of memory that is used by swap","GVIC Cluster","300","*"
"0","10/10/2014 12:50:00 PM","10/10/2014 4:50:00 PM","1412959800","mem.swapused.average","KB","Amount of memory that is used by swap","GVIC Cluster","300","*"
"0","10/10/2014 12:45:00 PM","10/10/2014 4:45:00 PM","1412959500","mem.swapused.average","KB","Amount of memory that is used by swap","GVIC Cluster","300","*"
"0","10/10/2014 12:40:00 PM","10/10/2014 4:40:00 PM","1412959200","mem.swapused.average","KB","Amount of memory that is used by swap","GVIC Cluster","300","*"
"0","10/10/2014 12:35:00 PM","10/10/2014 4:35:00 PM","1412958900","mem.swapused.average","KB","Amount of memory that is used by swap","GVIC Cluster","300","*"
"41.92","10/10/2014 1:00:00 PM","10/10/2014 5:00:00 PM","1412960400","mem.usage.minimum","%","Memory usage as percentage of total configured or available memory","GVIC Cluster","300","*"
"41.92","10/10/2014 12:55:00 PM","10/10/2014 4:55:00 PM","1412960100","mem.usage.minimum","%","Memory usage as percentage of total configured or available memory","GVIC Cluster","300","*"
"41.92","10/10/2014 12:50:00 PM","10/10/2014 4:50:00 PM","1412959800","mem.usage.minimum","%","Memory usage as percentage of total configured or available memory","GVIC Cluster","300","*"
"41.92","10/10/2014 12:45:00 PM","10/10/2014 4:45:00 PM","1412959500","mem.usage.minimum","%","Memory usage as percentage of total configured or available memory","GVIC Cluster","300","*"
"41.92","10/10/2014 12:40:00 PM","10/10/2014 4:40:00 PM","1412959200","mem.usage.minimum","%","Memory usage as percentage of total configured or available memory","GVIC Cluster","300","*"
"42.08","10/10/2014 12:35:00 PM","10/10/2014 4:35:00 PM","1412958900","mem.usage.minimum","%","Memory usage as percentage of total configured or available memory","GVIC Cluster","300","*"
"0","10/10/2014 1:00:00 PM","10/10/2014 5:00:00 PM","1412960400","mem.swapused.minimum","KB","Amount of memory that is used by swap","GVIC Cluster","300","*"
"0","10/10/2014 12:55:00 PM","10/10/2014 4:55:00 PM","1412960100","mem.swapused.minimum","KB","Amount of memory that is used by swap","GVIC Cluster","300","*"
"0","10/10/2014 12:50:00 PM","10/10/2014 4:50:00 PM","1412959800","mem.swapused.minimum","KB","Amount of memory that is used by swap","GVIC Cluster","300","*"
"0","10/10/2014 12:45:00 PM","10/10/2014 4:45:00 PM","1412959500","mem.swapused.minimum","KB","Amount of memory that is used by swap","GVIC Cluster","300","*"
"0","10/10/2014 12:40:00 PM","10/10/2014 4:40:00 PM","1412959200","mem.swapused.minimum","KB","Amount of memory that is used by swap","GVIC Cluster","300","*"
"0","10/10/2014 12:35:00 PM","10/10/2014 4:35:00 PM","1412958900","mem.swapused.minimum","KB","Amount of memory that is used by swap","GVIC Cluster","300","*"
"41.92","10/10/2014 1:00:00 PM","10/10/2014 5:00:00 PM","1412960400","mem.usage.maximum","%","Memory usage as percentage of total configured or available memory","GVIC Cluster","300","*"
"41.92","10/10/2014 12:55:00 PM","10/10/2014 4:55:00 PM","1412960100","mem.usage.maximum","%","Memory usage as percentage of total configured or available memory","GVIC Cluster","300","*"
"41.92","10/10/2014 12:50:00 PM","10/10/2014 4:50:00 PM","1412959800","mem.usage.maximum","%","Memory usage as percentage of total configured or available memory","GVIC Cluster","300","*"
"41.92","10/10/2014 12:45:00 PM","10/10/2014 4:45:00 PM","1412959500","mem.usage.maximum","%","Memory usage as percentage of total configured or available memory","GVIC Cluster","300","*"
"41.92","10/10/2014 12:40:00 PM","10/10/2014 4:40:00 PM","1412959200","mem.usage.maximum","%","Memory usage as percentage of total configured or available memory","GVIC Cluster","300","*"
"42.08","10/10/2014 12:35:00 PM","10/10/2014 4:35:00 PM","1412958900","mem.usage.maximum","%","Memory usage as percentage of total configured or available memory","GVIC Cluster","300","*"
"0","10/10/2014 1:00:00 PM","10/10/2014 5:00:00 PM","1412960400","mem.swapused.maximum","KB","Amount of memory that is used by swap","GVIC Cluster","300","*"
"0","10/10/2014 12:55:00 PM","10/10/2014 4:55:00 PM","1412960100","mem.swapused.maximum","KB","Amount of memory that is used by swap","GVIC Cluster","300","*"
"0","10/10/2014 12:50:00 PM","10/10/2014 4:50:00 PM","1412959800","mem.swapused.maximum","KB","Amount of memory that is used by swap","GVIC Cluster","300","*"
"0","10/10/2014 12:45:00 PM","10/10/2014 4:45:00 PM","1412959500","mem.swapused.maximum","KB","Amount of memory that is used by swap","GVIC Cluster","300","*"
"0","10/10/2014 12:40:00 PM","10/10/2014 4:40:00 PM","1412959200","mem.swapused.maximum","KB","Amount of memory that is used by swap","GVIC Cluster","300","*"
"0","10/10/2014 12:35:00 PM","10/10/2014 4:35:00 PM","1412958900","mem.swapused.maximum","KB","Amount of memory that is used by swap","GVIC Cluster","300","*"
