"Value","Timestamp","TimeStampUtc","TimeStampEpoch","MetricId","Unit","Description","Entity","IntervalSecs","Instance"
"4766","10/5/2014 10:00:00 AM","10/5/2014 2:00:00 PM","1412503200","cpu.usagemhz.average","MHz","CPU usage in megahertz during the interval","GVIC Cluster","300",""
"4451","10/5/2014 9:55:00 AM","10/5/2014 1:55:00 PM","1412502900","cpu.usagemhz.average","MHz","CPU usage in megahertz during the interval","GVIC Cluster","300",""
"4401","10/5/2014 9:50:00 AM","10/5/2014 1:50:00 PM","1412502600","cpu.usagemhz.average","MHz","CPU usage in megahertz during the interval","GVIC Cluster","300",""
"12557","10/5/2014 9:45:00 AM","10/5/2014 1:45:00 PM","1412502300","cpu.usagemhz.average","MHz","CPU usage in megahertz during the interval","GVIC Cluster","300",""
"12520","10/5/2014 9:40:00 AM","10/5/2014 1:40:00 PM","1412502000","cpu.usagemhz.average","MHz","CPU usage in megahertz during the interval","GVIC Cluster","300",""
"19602","10/5/2014 9:35:00 AM","10/5/2014 1:35:00 PM","1412501700","cpu.usagemhz.average","MHz","CPU usage in megahertz during the interval","GVIC Cluster","300",""
"2507","10/5/2014 10:00:00 AM","10/5/2014 2:00:00 PM","1412503200","cpu.usagemhz.minimum","MHz","CPU usage in megahertz during the interval","GVIC Cluster","300",""
"2612","10/5/2014 9:55:00 AM","10/5/2014 1:55:00 PM","1412502900","cpu.usagemhz.minimum","MHz","CPU usage in megahertz during the interval","GVIC Cluster","300",""
"2424","10/5/2014 9:50:00 AM","10/5/2014 1:50:00 PM","1412502600","cpu.usagemhz.minimum","MHz","CPU usage in megahertz during the interval","GVIC Cluster","300",""
"10274","10/5/2014 9:45:00 AM","10/5/2014 1:45:00 PM","1412502300","cpu.usagemhz.minimum","MHz","CPU usage in megahertz during the interval","GVIC Cluster","300",""
"9138","10/5/2014 9:40:00 AM","10/5/2014 1:40:00 PM","1412502000","cpu.usagemhz.minimum","MHz","CPU usage in megahertz during the interval","GVIC Cluster","300",""
"14001","10/5/2014 9:35:00 AM","10/5/2014 1:35:00 PM","1412501700","cpu.usagemhz.minimum","MHz","CPU usage in megahertz during the interval","GVIC Cluster","300",""
"11784","10/5/2014 10:00:00 AM","10/5/2014 2:00:00 PM","1412503200","cpu.usagemhz.maximum","MHz","CPU usage in megahertz during the interval","GVIC Cluster","300",""
"8151","10/5/2014 9:55:00 AM","10/5/2014 1:55:00 PM","1412502900","cpu.usagemhz.maximum","MHz","CPU usage in megahertz during the interval","GVIC Cluster","300",""
"8028","10/5/2014 9:50:00 AM","10/5/2014 1:50:00 PM","1412502600","cpu.usagemhz.maximum","MHz","CPU usage in megahertz during the interval","GVIC Cluster","300",""
"16947","10/5/2014 9:45:00 AM","10/5/2014 1:45:00 PM","1412502300","cpu.usagemhz.maximum","MHz","CPU usage in megahertz during the interval","GVIC Cluster","300",""
"17961","10/5/2014 9:40:00 AM","10/5/2014 1:40:00 PM","1412502000","cpu.usagemhz.maximum","MHz","CPU usage in megahertz during the interval","GVIC Cluster","300",""
"28652","10/5/2014 9:35:00 AM","10/5/2014 1:35:00 PM","1412501700","cpu.usagemhz.maximum","MHz","CPU usage in megahertz during the interval","GVIC Cluster","300",""
"2048","10/5/2014 10:00:00 AM","10/5/2014 2:00:00 PM","1412503200","cpu.reservedcapacity.average","MHz","Total CPU capacity reserved by virtual machines","GVIC Cluster","300",""
"2048","10/5/2014 9:55:00 AM","10/5/2014 1:55:00 PM","1412502900","cpu.reservedcapacity.average","MHz","Total CPU capacity reserved by virtual machines","GVIC Cluster","300",""
"2048","10/5/2014 9:50:00 AM","10/5/2014 1:50:00 PM","1412502600","cpu.reservedcapacity.average","MHz","Total CPU capacity reserved by virtual machines","GVIC Cluster","300",""
"2048","10/5/2014 9:45:00 AM","10/5/2014 1:45:00 PM","1412502300","cpu.reservedcapacity.average","MHz","Total CPU capacity reserved by virtual machines","GVIC Cluster","300",""
"2048","10/5/2014 9:40:00 AM","10/5/2014 1:40:00 PM","1412502000","cpu.reservedcapacity.average","MHz","Total CPU capacity reserved by virtual machines","GVIC Cluster","300",""
"2048","10/5/2014 9:35:00 AM","10/5/2014 1:35:00 PM","1412501700","cpu.reservedcapacity.average","MHz","Total CPU capacity reserved by virtual machines","GVIC Cluster","300",""
"92800","10/5/2014 10:00:00 AM","10/5/2014 2:00:00 PM","1412503200","cpu.capacity.provisioned.average","MHz","Capacity in MHz of the physical CPU cores","GVIC Cluster","300",""
"92800","10/5/2014 9:55:00 AM","10/5/2014 1:55:00 PM","1412502900","cpu.capacity.provisioned.average","MHz","Capacity in MHz of the physical CPU cores","GVIC Cluster","300",""
"92800","10/5/2014 9:50:00 AM","10/5/2014 1:50:00 PM","1412502600","cpu.capacity.provisioned.average","MHz","Capacity in MHz of the physical CPU cores","GVIC Cluster","300",""
"92800","10/5/2014 9:45:00 AM","10/5/2014 1:45:00 PM","1412502300","cpu.capacity.provisioned.average","MHz","Capacity in MHz of the physical CPU cores","GVIC Cluster","300",""
"92800","10/5/2014 9:40:00 AM","10/5/2014 1:40:00 PM","1412502000","cpu.capacity.provisioned.average","MHz","Capacity in MHz of the physical CPU cores","GVIC Cluster","300",""
"124800","10/5/2014 9:35:00 AM","10/5/2014 1:35:00 PM","1412501700","cpu.capacity.provisioned.average","MHz","Capacity in MHz of the physical CPU cores","GVIC Cluster","300",""
"3320","10/5/2014 10:00:00 AM","10/5/2014 2:00:00 PM","1412503200","cpu.capacity.usage.average","MHz","CPU usage in MHz during the interval","GVIC Cluster","300",""
"2833","10/5/2014 9:55:00 AM","10/5/2014 1:55:00 PM","1412502900","cpu.capacity.usage.average","MHz","CPU usage in MHz during the interval","GVIC Cluster","300",""
"2878","10/5/2014 9:50:00 AM","10/5/2014 1:50:00 PM","1412502600","cpu.capacity.usage.average","MHz","CPU usage in MHz during the interval","GVIC Cluster","300",""
"2860","10/5/2014 9:45:00 AM","10/5/2014 1:45:00 PM","1412502300","cpu.capacity.usage.average","MHz","CPU usage in MHz during the interval","GVIC Cluster","300",""
"3473","10/5/2014 9:40:00 AM","10/5/2014 1:40:00 PM","1412502000","cpu.capacity.usage.average","MHz","CPU usage in MHz during the interval","GVIC Cluster","300",""
"3492","10/5/2014 9:35:00 AM","10/5/2014 1:35:00 PM","1412501700","cpu.capacity.usage.average","MHz","CPU usage in MHz during the interval","GVIC Cluster","300",""
"9604","10/5/2014 10:00:00 AM","10/5/2014 2:00:00 PM","1412503200","cpu.capacity.demand.average","MHz","The amount of CPU resources the virtual machines on this host would use if there were no CPU contention or CPU limit","GVIC Cluster","300",""
"8259","10/5/2014 9:55:00 AM","10/5/2014 1:55:00 PM","1412502900","cpu.capacity.demand.average","MHz","The amount of CPU resources the virtual machines on this host would use if there were no CPU contention or CPU limit","GVIC Cluster","300",""
"8418","10/5/2014 9:50:00 AM","10/5/2014 1:50:00 PM","1412502600","cpu.capacity.demand.average","MHz","The amount of CPU resources the virtual machines on this host would use if there were no CPU contention or CPU limit","GVIC Cluster","300",""
"8319","10/5/2014 9:45:00 AM","10/5/2014 1:45:00 PM","1412502300","cpu.capacity.demand.average","MHz","The amount of CPU resources the virtual machines on this host would use if there were no CPU contention or CPU limit","GVIC Cluster","300",""
"10006","10/5/2014 9:40:00 AM","10/5/2014 1:40:00 PM","1412502000","cpu.capacity.demand.average","MHz","The amount of CPU resources the virtual machines on this host would use if there were no CPU contention or CPU limit","GVIC Cluster","300",""
"10031","10/5/2014 9:35:00 AM","10/5/2014 1:35:00 PM","1412501700","cpu.capacity.demand.average","MHz","The amount of CPU resources the virtual machines on this host would use if there were no CPU contention or CPU limit","GVIC Cluster","300",""
"0","10/5/2014 10:00:00 AM","10/5/2014 2:00:00 PM","1412503200","cpu.capacity.contention.average","%","Percent of time the virtual machines on this host are unable to run because they are contending for access to the physical CPU(s)","GVIC Cluster","300",""
"0","10/5/2014 9:55:00 AM","10/5/2014 1:55:00 PM","1412502900","cpu.capacity.contention.average","%","Percent of time the virtual machines on this host are unable to run because they are contending for access to the physical CPU(s)","GVIC Cluster","300",""
"0","10/5/2014 9:50:00 AM","10/5/2014 1:50:00 PM","1412502600","cpu.capacity.contention.average","%","Percent of time the virtual machines on this host are unable to run because they are contending for access to the physical CPU(s)","GVIC Cluster","300",""
"0","10/5/2014 9:45:00 AM","10/5/2014 1:45:00 PM","1412502300","cpu.capacity.contention.average","%","Percent of time the virtual machines on this host are unable to run because they are contending for access to the physical CPU(s)","GVIC Cluster","300",""
"0","10/5/2014 9:40:00 AM","10/5/2014 1:40:00 PM","1412502000","cpu.capacity.contention.average","%","Percent of time the virtual machines on this host are unable to run because they are contending for access to the physical CPU(s)","GVIC Cluster","300",""
"0","10/5/2014 9:35:00 AM","10/5/2014 1:35:00 PM","1412501700","cpu.capacity.contention.average","%","Percent of time the virtual machines on this host are unable to run because they are contending for access to the physical CPU(s)","GVIC Cluster","300",""
"48","10/5/2014 10:00:00 AM","10/5/2014 2:00:00 PM","1412503200","cpu.corecount.provisioned.average","number","The number of physical cores provisioned to the entity","GVIC Cluster","300",""
"48","10/5/2014 9:55:00 AM","10/5/2014 1:55:00 PM","1412502900","cpu.corecount.provisioned.average","number","The number of physical cores provisioned to the entity","GVIC Cluster","300",""
"48","10/5/2014 9:50:00 AM","10/5/2014 1:50:00 PM","1412502600","cpu.corecount.provisioned.average","number","The number of physical cores provisioned to the entity","GVIC Cluster","300",""
"48","10/5/2014 9:45:00 AM","10/5/2014 1:45:00 PM","1412502300","cpu.corecount.provisioned.average","number","The number of physical cores provisioned to the entity","GVIC Cluster","300",""
"48","10/5/2014 9:40:00 AM","10/5/2014 1:40:00 PM","1412502000","cpu.corecount.provisioned.average","number","The number of physical cores provisioned to the entity","GVIC Cluster","300",""
"48","10/5/2014 9:35:00 AM","10/5/2014 1:35:00 PM","1412501700","cpu.corecount.provisioned.average","number","The number of physical cores provisioned to the entity","GVIC Cluster","300",""
"90","10/5/2014 10:00:00 AM","10/5/2014 2:00:00 PM","1412503200","cpu.corecount.usage.average","number","The number of virtual processors running on the host","GVIC Cluster","300",""
"90","10/5/2014 9:55:00 AM","10/5/2014 1:55:00 PM","1412502900","cpu.corecount.usage.average","number","The number of virtual processors running on the host","GVIC Cluster","300",""
"90","10/5/2014 9:50:00 AM","10/5/2014 1:50:00 PM","1412502600","cpu.corecount.usage.average","number","The number of virtual processors running on the host","GVIC Cluster","300",""
"90","10/5/2014 9:45:00 AM","10/5/2014 1:45:00 PM","1412502300","cpu.corecount.usage.average","number","The number of virtual processors running on the host","GVIC Cluster","300",""
"90","10/5/2014 9:40:00 AM","10/5/2014 1:40:00 PM","1412502000","cpu.corecount.usage.average","number","The number of virtual processors running on the host","GVIC Cluster","300",""
"90","10/5/2014 9:35:00 AM","10/5/2014 1:35:00 PM","1412501700","cpu.corecount.usage.average","number","The number of virtual processors running on the host","GVIC Cluster","300",""
"0","10/5/2014 10:00:00 AM","10/5/2014 2:00:00 PM","1412503200","cpu.corecount.contention.average","%","Time the virtual machine is ready to run, but is unable to run due to co-scheduling constraints","GVIC Cluster","300",""
"0","10/5/2014 9:55:00 AM","10/5/2014 1:55:00 PM","1412502900","cpu.corecount.contention.average","%","Time the virtual machine is ready to run, but is unable to run due to co-scheduling constraints","GVIC Cluster","300",""
"0","10/5/2014 9:50:00 AM","10/5/2014 1:50:00 PM","1412502600","cpu.corecount.contention.average","%","Time the virtual machine is ready to run, but is unable to run due to co-scheduling constraints","GVIC Cluster","300",""
"0","10/5/2014 9:45:00 AM","10/5/2014 1:45:00 PM","1412502300","cpu.corecount.contention.average","%","Time the virtual machine is ready to run, but is unable to run due to co-scheduling constraints","GVIC Cluster","300",""
"0","10/5/2014 9:40:00 AM","10/5/2014 1:40:00 PM","1412502000","cpu.corecount.contention.average","%","Time the virtual machine is ready to run, but is unable to run due to co-scheduling constraints","GVIC Cluster","300",""
"0","10/5/2014 9:35:00 AM","10/5/2014 1:35:00 PM","1412501700","cpu.corecount.contention.average","%","Time the virtual machine is ready to run, but is unable to run due to co-scheduling constraints","GVIC Cluster","300",""
"2422","10/5/2014 10:00:00 AM","10/5/2014 2:00:00 PM","1412503200","mem.reservedcapacity.average","MB","Total amount of memory reservation used by powered-on virtual machines and vSphere services on the host","GVIC Cluster","300",""
"2422","10/5/2014 9:55:00 AM","10/5/2014 1:55:00 PM","1412502900","mem.reservedcapacity.average","MB","Total amount of memory reservation used by powered-on virtual machines and vSphere services on the host","GVIC Cluster","300",""
"2422","10/5/2014 9:50:00 AM","10/5/2014 1:50:00 PM","1412502600","mem.reservedcapacity.average","MB","Total amount of memory reservation used by powered-on virtual machines and vSphere services on the host","GVIC Cluster","300",""
"2422","10/5/2014 9:45:00 AM","10/5/2014 1:45:00 PM","1412502300","mem.reservedcapacity.average","MB","Total amount of memory reservation used by powered-on virtual machines and vSphere services on the host","GVIC Cluster","300",""
"2422","10/5/2014 9:40:00 AM","10/5/2014 1:40:00 PM","1412502000","mem.reservedcapacity.average","MB","Total amount of memory reservation used by powered-on virtual machines and vSphere services on the host","GVIC Cluster","300",""
"2422","10/5/2014 9:35:00 AM","10/5/2014 1:35:00 PM","1412501700","mem.reservedcapacity.average","MB","Total amount of memory reservation used by powered-on virtual machines and vSphere services on the host","GVIC Cluster","300",""
"181234276","10/5/2014 10:00:00 AM","10/5/2014 2:00:00 PM","1412503200","mem.granted.average","KB","Amount of host physical memory or physical memory that is mapped for a virtual machine or a host","GVIC Cluster","300",""
"181234276","10/5/2014 9:55:00 AM","10/5/2014 1:55:00 PM","1412502900","mem.granted.average","KB","Amount of host physical memory or physical memory that is mapped for a virtual machine or a host","GVIC Cluster","300",""
"181234276","10/5/2014 9:50:00 AM","10/5/2014 1:50:00 PM","1412502600","mem.granted.average","KB","Amount of host physical memory or physical memory that is mapped for a virtual machine or a host","GVIC Cluster","300",""
"181234276","10/5/2014 9:45:00 AM","10/5/2014 1:45:00 PM","1412502300","mem.granted.average","KB","Amount of host physical memory or physical memory that is mapped for a virtual machine or a host","GVIC Cluster","300",""
"181234380","10/5/2014 9:40:00 AM","10/5/2014 1:40:00 PM","1412502000","mem.granted.average","KB","Amount of host physical memory or physical memory that is mapped for a virtual machine or a host","GVIC Cluster","300",""
"181235530","10/5/2014 9:35:00 AM","10/5/2014 1:35:00 PM","1412501700","mem.granted.average","KB","Amount of host physical memory or physical memory that is mapped for a virtual machine or a host","GVIC Cluster","300",""
"181234276","10/5/2014 10:00:00 AM","10/5/2014 2:00:00 PM","1412503200","mem.granted.minimum","KB","Amount of host physical memory or physical memory that is mapped for a virtual machine or a host","GVIC Cluster","300",""
"181234276","10/5/2014 9:55:00 AM","10/5/2014 1:55:00 PM","1412502900","mem.granted.minimum","KB","Amount of host physical memory or physical memory that is mapped for a virtual machine or a host","GVIC Cluster","300",""
"181234276","10/5/2014 9:50:00 AM","10/5/2014 1:50:00 PM","1412502600","mem.granted.minimum","KB","Amount of host physical memory or physical memory that is mapped for a virtual machine or a host","GVIC Cluster","300",""
"181234276","10/5/2014 9:45:00 AM","10/5/2014 1:45:00 PM","1412502300","mem.granted.minimum","KB","Amount of host physical memory or physical memory that is mapped for a virtual machine or a host","GVIC Cluster","300",""
"181234276","10/5/2014 9:40:00 AM","10/5/2014 1:40:00 PM","1412502000","mem.granted.minimum","KB","Amount of host physical memory or physical memory that is mapped for a virtual machine or a host","GVIC Cluster","300",""
"181234276","10/5/2014 9:35:00 AM","10/5/2014 1:35:00 PM","1412501700","mem.granted.minimum","KB","Amount of host physical memory or physical memory that is mapped for a virtual machine or a host","GVIC Cluster","300",""
"181234276","10/5/2014 10:00:00 AM","10/5/2014 2:00:00 PM","1412503200","mem.granted.maximum","KB","Amount of host physical memory or physical memory that is mapped for a virtual machine or a host","GVIC Cluster","300",""
"181234276","10/5/2014 9:55:00 AM","10/5/2014 1:55:00 PM","1412502900","mem.granted.maximum","KB","Amount of host physical memory or physical memory that is mapped for a virtual machine or a host","GVIC Cluster","300",""
"181234276","10/5/2014 9:50:00 AM","10/5/2014 1:50:00 PM","1412502600","mem.granted.maximum","KB","Amount of host physical memory or physical memory that is mapped for a virtual machine or a host","GVIC Cluster","300",""
"181234276","10/5/2014 9:45:00 AM","10/5/2014 1:45:00 PM","1412502300","mem.granted.maximum","KB","Amount of host physical memory or physical memory that is mapped for a virtual machine or a host","GVIC Cluster","300",""
"181235844","10/5/2014 9:40:00 AM","10/5/2014 1:40:00 PM","1412502000","mem.granted.maximum","KB","Amount of host physical memory or physical memory that is mapped for a virtual machine or a host","GVIC Cluster","300",""
"181235844","10/5/2014 9:35:00 AM","10/5/2014 1:35:00 PM","1412501700","mem.granted.maximum","KB","Amount of host physical memory or physical memory that is mapped for a virtual machine or a host","GVIC Cluster","300",""
"12602988","10/5/2014 10:00:00 AM","10/5/2014 2:00:00 PM","1412503200","mem.active.average","KB","Amount of memory that is actively used, as estimated by VMkernel based on recently touched memory pages","GVIC Cluster","300",""
"11782207","10/5/2014 9:55:00 AM","10/5/2014 1:55:00 PM","1412502900","mem.active.average","KB","Amount of memory that is actively used, as estimated by VMkernel based on recently touched memory pages","GVIC Cluster","300",""
"11934519","10/5/2014 9:50:00 AM","10/5/2014 1:50:00 PM","1412502600","mem.active.average","KB","Amount of memory that is actively used, as estimated by VMkernel based on recently touched memory pages","GVIC Cluster","300",""
"12261629","10/5/2014 9:45:00 AM","10/5/2014 1:45:00 PM","1412502300","mem.active.average","KB","Amount of memory that is actively used, as estimated by VMkernel based on recently touched memory pages","GVIC Cluster","300",""
"13368048","10/5/2014 9:40:00 AM","10/5/2014 1:40:00 PM","1412502000","mem.active.average","KB","Amount of memory that is actively used, as estimated by VMkernel based on recently touched memory pages","GVIC Cluster","300",""
"13648486","10/5/2014 9:35:00 AM","10/5/2014 1:35:00 PM","1412501700","mem.active.average","KB","Amount of memory that is actively used, as estimated by VMkernel based on recently touched memory pages","GVIC Cluster","300",""
"10495888","10/5/2014 10:00:00 AM","10/5/2014 2:00:00 PM","1412503200","mem.active.minimum","KB","Amount of memory that is actively used, as estimated by VMkernel based on recently touched memory pages","GVIC Cluster","300",""
"10855760","10/5/2014 9:55:00 AM","10/5/2014 1:55:00 PM","1412502900","mem.active.minimum","KB","Amount of memory that is actively used, as estimated by VMkernel based on recently touched memory pages","GVIC Cluster","300",""
"10821260","10/5/2014 9:50:00 AM","10/5/2014 1:50:00 PM","1412502600","mem.active.minimum","KB","Amount of memory that is actively used, as estimated by VMkernel based on recently touched memory pages","GVIC Cluster","300",""
"10926076","10/5/2014 9:45:00 AM","10/5/2014 1:45:00 PM","1412502300","mem.active.minimum","KB","Amount of memory that is actively used, as estimated by VMkernel based on recently touched memory pages","GVIC Cluster","300",""
"12495848","10/5/2014 9:40:00 AM","10/5/2014 1:40:00 PM","1412502000","mem.active.minimum","KB","Amount of memory that is actively used, as estimated by VMkernel based on recently touched memory pages","GVIC Cluster","300",""
"11610224","10/5/2014 9:35:00 AM","10/5/2014 1:35:00 PM","1412501700","mem.active.minimum","KB","Amount of memory that is actively used, as estimated by VMkernel based on recently touched memory pages","GVIC Cluster","300",""
"14539336","10/5/2014 10:00:00 AM","10/5/2014 2:00:00 PM","1412503200","mem.active.maximum","KB","Amount of memory that is actively used, as estimated by VMkernel based on recently touched memory pages","GVIC Cluster","300",""
"12983512","10/5/2014 9:55:00 AM","10/5/2014 1:55:00 PM","1412502900","mem.active.maximum","KB","Amount of memory that is actively used, as estimated by VMkernel based on recently touched memory pages","GVIC Cluster","300",""
"13240904","10/5/2014 9:50:00 AM","10/5/2014 1:50:00 PM","1412502600","mem.active.maximum","KB","Amount of memory that is actively used, as estimated by VMkernel based on recently touched memory pages","GVIC Cluster","300",""
"13607908","10/5/2014 9:45:00 AM","10/5/2014 1:45:00 PM","1412502300","mem.active.maximum","KB","Amount of memory that is actively used, as estimated by VMkernel based on recently touched memory pages","GVIC Cluster","300",""
"14581204","10/5/2014 9:40:00 AM","10/5/2014 1:40:00 PM","1412502000","mem.active.maximum","KB","Amount of memory that is actively used, as estimated by VMkernel based on recently touched memory pages","GVIC Cluster","300",""
"15493556","10/5/2014 9:35:00 AM","10/5/2014 1:35:00 PM","1412501700","mem.active.maximum","KB","Amount of memory that is actively used, as estimated by VMkernel based on recently touched memory pages","GVIC Cluster","300",""
"18345616","10/5/2014 10:00:00 AM","10/5/2014 2:00:00 PM","1412503200","mem.shared.average","KB","Amount of guest physical memory that is shared with other virtual machines, relative to a single virtual machine or to all powered-on virtual machines on a host","GVIC Cluster","300",""
"18345235","10/5/2014 9:55:00 AM","10/5/2014 1:55:00 PM","1412502900","mem.shared.average","KB","Amount of guest physical memory that is shared with other virtual machines, relative to a single virtual machine or to all powered-on virtual machines on a host","GVIC Cluster","300",""
"18347899","10/5/2014 9:50:00 AM","10/5/2014 1:50:00 PM","1412502600","mem.shared.average","KB","Amount of guest physical memory that is shared with other virtual machines, relative to a single virtual machine or to all powered-on virtual machines on a host","GVIC Cluster","300",""
"18349347","10/5/2014 9:45:00 AM","10/5/2014 1:45:00 PM","1412502300","mem.shared.average","KB","Amount of guest physical memory that is shared with other virtual machines, relative to a single virtual machine or to all powered-on virtual machines on a host","GVIC Cluster","300",""
"18350203","10/5/2014 9:40:00 AM","10/5/2014 1:40:00 PM","1412502000","mem.shared.average","KB","Amount of guest physical memory that is shared with other virtual machines, relative to a single virtual machine or to all powered-on virtual machines on a host","GVIC Cluster","300",""
"18346339","10/5/2014 9:35:00 AM","10/5/2014 1:35:00 PM","1412501700","mem.shared.average","KB","Amount of guest physical memory that is shared with other virtual machines, relative to a single virtual machine or to all powered-on virtual machines on a host","GVIC Cluster","300",""
"18341268","10/5/2014 10:00:00 AM","10/5/2014 2:00:00 PM","1412503200","mem.shared.minimum","KB","Amount of guest physical memory that is shared with other virtual machines, relative to a single virtual machine or to all powered-on virtual machines on a host","GVIC Cluster","300",""
"18334284","10/5/2014 9:55:00 AM","10/5/2014 1:55:00 PM","1412502900","mem.shared.minimum","KB","Amount of guest physical memory that is shared with other virtual machines, relative to a single virtual machine or to all powered-on virtual machines on a host","GVIC Cluster","300",""
"18334184","10/5/2014 9:50:00 AM","10/5/2014 1:50:00 PM","1412502600","mem.shared.minimum","KB","Amount of guest physical memory that is shared with other virtual machines, relative to a single virtual machine or to all powered-on virtual machines on a host","GVIC Cluster","300",""
"18341268","10/5/2014 9:45:00 AM","10/5/2014 1:45:00 PM","1412502300","mem.shared.minimum","KB","Amount of guest physical memory that is shared with other virtual machines, relative to a single virtual machine or to all powered-on virtual machines on a host","GVIC Cluster","300",""
"18339084","10/5/2014 9:40:00 AM","10/5/2014 1:40:00 PM","1412502000","mem.shared.minimum","KB","Amount of guest physical memory that is shared with other virtual machines, relative to a single virtual machine or to all powered-on virtual machines on a host","GVIC Cluster","300",""
"18330068","10/5/2014 9:35:00 AM","10/5/2014 1:35:00 PM","1412501700","mem.shared.minimum","KB","Amount of guest physical memory that is shared with other virtual machines, relative to a single virtual machine or to all powered-on virtual machines on a host","GVIC Cluster","300",""
"18349012","10/5/2014 10:00:00 AM","10/5/2014 2:00:00 PM","1412503200","mem.shared.maximum","KB","Amount of guest physical memory that is shared with other virtual machines, relative to a single virtual machine or to all powered-on virtual machines on a host","GVIC Cluster","300",""
"18351872","10/5/2014 9:55:00 AM","10/5/2014 1:55:00 PM","1412502900","mem.shared.maximum","KB","Amount of guest physical memory that is shared with other virtual machines, relative to a single virtual machine or to all powered-on virtual machines on a host","GVIC Cluster","300",""
"18353672","10/5/2014 9:50:00 AM","10/5/2014 1:50:00 PM","1412502600","mem.shared.maximum","KB","Amount of guest physical memory that is shared with other virtual machines, relative to a single virtual machine or to all powered-on virtual machines on a host","GVIC Cluster","300",""
"18354200","10/5/2014 9:45:00 AM","10/5/2014 1:45:00 PM","1412502300","mem.shared.maximum","KB","Amount of guest physical memory that is shared with other virtual machines, relative to a single virtual machine or to all powered-on virtual machines on a host","GVIC Cluster","300",""
"18354456","10/5/2014 9:40:00 AM","10/5/2014 1:40:00 PM","1412502000","mem.shared.maximum","KB","Amount of guest physical memory that is shared with other virtual machines, relative to a single virtual machine or to all powered-on virtual machines on a host","GVIC Cluster","300",""
"18353824","10/5/2014 9:35:00 AM","10/5/2014 1:35:00 PM","1412501700","mem.shared.maximum","KB","Amount of guest physical memory that is shared with other virtual machines, relative to a single virtual machine or to all powered-on virtual machines on a host","GVIC Cluster","300",""
"12749707","10/5/2014 10:00:00 AM","10/5/2014 2:00:00 PM","1412503200","mem.zero.average","KB","Memory that contains 0s only","GVIC Cluster","300",""
"12749706","10/5/2014 9:55:00 AM","10/5/2014 1:55:00 PM","1412502900","mem.zero.average","KB","Memory that contains 0s only","GVIC Cluster","300",""
"12749696","10/5/2014 9:50:00 AM","10/5/2014 1:50:00 PM","1412502600","mem.zero.average","KB","Memory that contains 0s only","GVIC Cluster","300",""
"17757842","10/5/2014 9:45:00 AM","10/5/2014 1:45:00 PM","1412502300","mem.zero.average","KB","Memory that contains 0s only","GVIC Cluster","300",""
"17757822","10/5/2014 9:40:00 AM","10/5/2014 1:40:00 PM","1412502000","mem.zero.average","KB","Memory that contains 0s only","GVIC Cluster","300",""
"17850607","10/5/2014 9:35:00 AM","10/5/2014 1:35:00 PM","1412501700","mem.zero.average","KB","Memory that contains 0s only","GVIC Cluster","300",""
"12749696","10/5/2014 10:00:00 AM","10/5/2014 2:00:00 PM","1412503200","mem.zero.minimum","KB","Memory that contains 0s only","GVIC Cluster","300",""
"12749696","10/5/2014 9:55:00 AM","10/5/2014 1:55:00 PM","1412502900","mem.zero.minimum","KB","Memory that contains 0s only","GVIC Cluster","300",""
"12749696","10/5/2014 9:50:00 AM","10/5/2014 1:50:00 PM","1412502600","mem.zero.minimum","KB","Memory that contains 0s only","GVIC Cluster","300",""
"17757788","10/5/2014 9:45:00 AM","10/5/2014 1:45:00 PM","1412502300","mem.zero.minimum","KB","Memory that contains 0s only","GVIC Cluster","300",""
"17757796","10/5/2014 9:40:00 AM","10/5/2014 1:40:00 PM","1412502000","mem.zero.minimum","KB","Memory that contains 0s only","GVIC Cluster","300",""
"17850580","10/5/2014 9:35:00 AM","10/5/2014 1:35:00 PM","1412501700","mem.zero.minimum","KB","Memory that contains 0s only","GVIC Cluster","300",""
"12749724","10/5/2014 10:00:00 AM","10/5/2014 2:00:00 PM","1412503200","mem.zero.maximum","KB","Memory that contains 0s only","GVIC Cluster","300",""
"12749732","10/5/2014 9:55:00 AM","10/5/2014 1:55:00 PM","1412502900","mem.zero.maximum","KB","Memory that contains 0s only","GVIC Cluster","300",""
"12749696","10/5/2014 9:50:00 AM","10/5/2014 1:50:00 PM","1412502600","mem.zero.maximum","KB","Memory that contains 0s only","GVIC Cluster","300",""
"17757992","10/5/2014 9:45:00 AM","10/5/2014 1:45:00 PM","1412502300","mem.zero.maximum","KB","Memory that contains 0s only","GVIC Cluster","300",""
"17757980","10/5/2014 9:40:00 AM","10/5/2014 1:40:00 PM","1412502000","mem.zero.maximum","KB","Memory that contains 0s only","GVIC Cluster","300",""
"17850652","10/5/2014 9:35:00 AM","10/5/2014 1:35:00 PM","1412501700","mem.zero.maximum","KB","Memory that contains 0s only","GVIC Cluster","300",""
"0","10/5/2014 10:00:00 AM","10/5/2014 2:00:00 PM","1412503200","mem.vmmemctl.average","KB","Amount of memory allocated by the virtual machine memory control driver (vmmemctl), which is installed with VMware Tools","GVIC Cluster","300",""
"0","10/5/2014 9:55:00 AM","10/5/2014 1:55:00 PM","1412502900","mem.vmmemctl.average","KB","Amount of memory allocated by the virtual machine memory control driver (vmmemctl), which is installed with VMware Tools","GVIC Cluster","300",""
"0","10/5/2014 9:50:00 AM","10/5/2014 1:50:00 PM","1412502600","mem.vmmemctl.average","KB","Amount of memory allocated by the virtual machine memory control driver (vmmemctl), which is installed with VMware Tools","GVIC Cluster","300",""
"0","10/5/2014 9:45:00 AM","10/5/2014 1:45:00 PM","1412502300","mem.vmmemctl.average","KB","Amount of memory allocated by the virtual machine memory control driver (vmmemctl), which is installed with VMware Tools","GVIC Cluster","300",""
"0","10/5/2014 9:40:00 AM","10/5/2014 1:40:00 PM","1412502000","mem.vmmemctl.average","KB","Amount of memory allocated by the virtual machine memory control driver (vmmemctl), which is installed with VMware Tools","GVIC Cluster","300",""
"0","10/5/2014 9:35:00 AM","10/5/2014 1:35:00 PM","1412501700","mem.vmmemctl.average","KB","Amount of memory allocated by the virtual machine memory control driver (vmmemctl), which is installed with VMware Tools","GVIC Cluster","300",""
"0","10/5/2014 10:00:00 AM","10/5/2014 2:00:00 PM","1412503200","mem.vmmemctl.minimum","KB","Amount of memory allocated by the virtual machine memory control driver (vmmemctl), which is installed with VMware Tools","GVIC Cluster","300",""
"0","10/5/2014 9:55:00 AM","10/5/2014 1:55:00 PM","1412502900","mem.vmmemctl.minimum","KB","Amount of memory allocated by the virtual machine memory control driver (vmmemctl), which is installed with VMware Tools","GVIC Cluster","300",""
"0","10/5/2014 9:50:00 AM","10/5/2014 1:50:00 PM","1412502600","mem.vmmemctl.minimum","KB","Amount of memory allocated by the virtual machine memory control driver (vmmemctl), which is installed with VMware Tools","GVIC Cluster","300",""
"0","10/5/2014 9:45:00 AM","10/5/2014 1:45:00 PM","1412502300","mem.vmmemctl.minimum","KB","Amount of memory allocated by the virtual machine memory control driver (vmmemctl), which is installed with VMware Tools","GVIC Cluster","300",""
"0","10/5/2014 9:40:00 AM","10/5/2014 1:40:00 PM","1412502000","mem.vmmemctl.minimum","KB","Amount of memory allocated by the virtual machine memory control driver (vmmemctl), which is installed with VMware Tools","GVIC Cluster","300",""
"0","10/5/2014 9:35:00 AM","10/5/2014 1:35:00 PM","1412501700","mem.vmmemctl.minimum","KB","Amount of memory allocated by the virtual machine memory control driver (vmmemctl), which is installed with VMware Tools","GVIC Cluster","300",""
"0","10/5/2014 10:00:00 AM","10/5/2014 2:00:00 PM","1412503200","mem.vmmemctl.maximum","KB","Amount of memory allocated by the virtual machine memory control driver (vmmemctl), which is installed with VMware Tools","GVIC Cluster","300",""
"0","10/5/2014 9:55:00 AM","10/5/2014 1:55:00 PM","1412502900","mem.vmmemctl.maximum","KB","Amount of memory allocated by the virtual machine memory control driver (vmmemctl), which is installed with VMware Tools","GVIC Cluster","300",""
"0","10/5/2014 9:50:00 AM","10/5/2014 1:50:00 PM","1412502600","mem.vmmemctl.maximum","KB","Amount of memory allocated by the virtual machine memory control driver (vmmemctl), which is installed with VMware Tools","GVIC Cluster","300",""
"0","10/5/2014 9:45:00 AM","10/5/2014 1:45:00 PM","1412502300","mem.vmmemctl.maximum","KB","Amount of memory allocated by the virtual machine memory control driver (vmmemctl), which is installed with VMware Tools","GVIC Cluster","300",""
"0","10/5/2014 9:40:00 AM","10/5/2014 1:40:00 PM","1412502000","mem.vmmemctl.maximum","KB","Amount of memory allocated by the virtual machine memory control driver (vmmemctl), which is installed with VMware Tools","GVIC Cluster","300",""
"0","10/5/2014 9:35:00 AM","10/5/2014 1:35:00 PM","1412501700","mem.vmmemctl.maximum","KB","Amount of memory allocated by the virtual machine memory control driver (vmmemctl), which is installed with VMware Tools","GVIC Cluster","300",""
"173765018","10/5/2014 10:00:00 AM","10/5/2014 2:00:00 PM","1412503200","mem.consumed.average","KB","Amount of host physical memory consumed by a virtual machine, host, or cluster","GVIC Cluster","300",""
"173764337","10/5/2014 9:55:00 AM","10/5/2014 1:55:00 PM","1412502900","mem.consumed.average","KB","Amount of host physical memory consumed by a virtual machine, host, or cluster","GVIC Cluster","300",""
"173763437","10/5/2014 9:50:00 AM","10/5/2014 1:50:00 PM","1412502600","mem.consumed.average","KB","Amount of host physical memory consumed by a virtual machine, host, or cluster","GVIC Cluster","300",""
"173763673","10/5/2014 9:45:00 AM","10/5/2014 1:45:00 PM","1412502300","mem.consumed.average","KB","Amount of host physical memory consumed by a virtual machine, host, or cluster","GVIC Cluster","300",""
"173763656","10/5/2014 9:40:00 AM","10/5/2014 1:40:00 PM","1412502000","mem.consumed.average","KB","Amount of host physical memory consumed by a virtual machine, host, or cluster","GVIC Cluster","300",""
"173764710","10/5/2014 9:35:00 AM","10/5/2014 1:35:00 PM","1412501700","mem.consumed.average","KB","Amount of host physical memory consumed by a virtual machine, host, or cluster","GVIC Cluster","300",""
"173763352","10/5/2014 10:00:00 AM","10/5/2014 2:00:00 PM","1412503200","mem.consumed.minimum","KB","Amount of host physical memory consumed by a virtual machine, host, or cluster","GVIC Cluster","300",""
"173762040","10/5/2014 9:55:00 AM","10/5/2014 1:55:00 PM","1412502900","mem.consumed.minimum","KB","Amount of host physical memory consumed by a virtual machine, host, or cluster","GVIC Cluster","300",""
"173761436","10/5/2014 9:50:00 AM","10/5/2014 1:50:00 PM","1412502600","mem.consumed.minimum","KB","Amount of host physical memory consumed by a virtual machine, host, or cluster","GVIC Cluster","300",""
"173761764","10/5/2014 9:45:00 AM","10/5/2014 1:45:00 PM","1412502300","mem.consumed.minimum","KB","Amount of host physical memory consumed by a virtual machine, host, or cluster","GVIC Cluster","300",""
"173761088","10/5/2014 9:40:00 AM","10/5/2014 1:40:00 PM","1412502000","mem.consumed.minimum","KB","Amount of host physical memory consumed by a virtual machine, host, or cluster","GVIC Cluster","300",""
"173761996","10/5/2014 9:35:00 AM","10/5/2014 1:35:00 PM","1412501700","mem.consumed.minimum","KB","Amount of host physical memory consumed by a virtual machine, host, or cluster","GVIC Cluster","300",""
"173766984","10/5/2014 10:00:00 AM","10/5/2014 2:00:00 PM","1412503200","mem.consumed.maximum","KB","Amount of host physical memory consumed by a virtual machine, host, or cluster","GVIC Cluster","300",""
"173766540","10/5/2014 9:55:00 AM","10/5/2014 1:55:00 PM","1412502900","mem.consumed.maximum","KB","Amount of host physical memory consumed by a virtual machine, host, or cluster","GVIC Cluster","300",""
"173765464","10/5/2014 9:50:00 AM","10/5/2014 1:50:00 PM","1412502600","mem.consumed.maximum","KB","Amount of host physical memory consumed by a virtual machine, host, or cluster","GVIC Cluster","300",""
"173766088","10/5/2014 9:45:00 AM","10/5/2014 1:45:00 PM","1412502300","mem.consumed.maximum","KB","Amount of host physical memory consumed by a virtual machine, host, or cluster","GVIC Cluster","300",""
"173767444","10/5/2014 9:40:00 AM","10/5/2014 1:40:00 PM","1412502000","mem.consumed.maximum","KB","Amount of host physical memory consumed by a virtual machine, host, or cluster","GVIC Cluster","300",""
"173767184","10/5/2014 9:35:00 AM","10/5/2014 1:35:00 PM","1412501700","mem.consumed.maximum","KB","Amount of host physical memory consumed by a virtual machine, host, or cluster","GVIC Cluster","300",""
"765794","10/5/2014 10:00:00 AM","10/5/2014 2:00:00 PM","1412503200","mem.overhead.average","KB","Host physical memory (KB) consumed by the virtualization infrastructure for running the virtual machine","GVIC Cluster","300",""
"765267","10/5/2014 9:55:00 AM","10/5/2014 1:55:00 PM","1412502900","mem.overhead.average","KB","Host physical memory (KB) consumed by the virtualization infrastructure for running the virtual machine","GVIC Cluster","300",""
"765457","10/5/2014 9:50:00 AM","10/5/2014 1:50:00 PM","1412502600","mem.overhead.average","KB","Host physical memory (KB) consumed by the virtualization infrastructure for running the virtual machine","GVIC Cluster","300",""
"1572923","10/5/2014 9:45:00 AM","10/5/2014 1:45:00 PM","1412502300","mem.overhead.average","KB","Host physical memory (KB) consumed by the virtualization infrastructure for running the virtual machine","GVIC Cluster","300",""
"1572772","10/5/2014 9:40:00 AM","10/5/2014 1:40:00 PM","1412502000","mem.overhead.average","KB","Host physical memory (KB) consumed by the virtualization infrastructure for running the virtual machine","GVIC Cluster","300",""
"1989170","10/5/2014 9:35:00 AM","10/5/2014 1:35:00 PM","1412501700","mem.overhead.average","KB","Host physical memory (KB) consumed by the virtualization infrastructure for running the virtual machine","GVIC Cluster","300",""
"763892","10/5/2014 10:00:00 AM","10/5/2014 2:00:00 PM","1412503200","mem.overhead.minimum","KB","Host physical memory (KB) consumed by the virtualization infrastructure for running the virtual machine","GVIC Cluster","300",""
"763924","10/5/2014 9:55:00 AM","10/5/2014 1:55:00 PM","1412502900","mem.overhead.minimum","KB","Host physical memory (KB) consumed by the virtualization infrastructure for running the virtual machine","GVIC Cluster","300",""
"763892","10/5/2014 9:50:00 AM","10/5/2014 1:50:00 PM","1412502600","mem.overhead.minimum","KB","Host physical memory (KB) consumed by the virtualization infrastructure for running the virtual machine","GVIC Cluster","300",""
"1569972","10/5/2014 9:45:00 AM","10/5/2014 1:45:00 PM","1412502300","mem.overhead.minimum","KB","Host physical memory (KB) consumed by the virtualization infrastructure for running the virtual machine","GVIC Cluster","300",""
"1569476","10/5/2014 9:40:00 AM","10/5/2014 1:40:00 PM","1412502000","mem.overhead.minimum","KB","Host physical memory (KB) consumed by the virtualization infrastructure for running the virtual machine","GVIC Cluster","300",""
"1984996","10/5/2014 9:35:00 AM","10/5/2014 1:35:00 PM","1412501700","mem.overhead.minimum","KB","Host physical memory (KB) consumed by the virtualization infrastructure for running the virtual machine","GVIC Cluster","300",""
"767796","10/5/2014 10:00:00 AM","10/5/2014 2:00:00 PM","1412503200","mem.overhead.maximum","KB","Host physical memory (KB) consumed by the virtualization infrastructure for running the virtual machine","GVIC Cluster","300",""
"766948","10/5/2014 9:55:00 AM","10/5/2014 1:55:00 PM","1412502900","mem.overhead.maximum","KB","Host physical memory (KB) consumed by the virtualization infrastructure for running the virtual machine","GVIC Cluster","300",""
"767204","10/5/2014 9:50:00 AM","10/5/2014 1:50:00 PM","1412502600","mem.overhead.maximum","KB","Host physical memory (KB) consumed by the virtualization infrastructure for running the virtual machine","GVIC Cluster","300",""
"1576292","10/5/2014 9:45:00 AM","10/5/2014 1:45:00 PM","1412502300","mem.overhead.maximum","KB","Host physical memory (KB) consumed by the virtualization infrastructure for running the virtual machine","GVIC Cluster","300",""
"1575796","10/5/2014 9:40:00 AM","10/5/2014 1:40:00 PM","1412502000","mem.overhead.maximum","KB","Host physical memory (KB) consumed by the virtualization infrastructure for running the virtual machine","GVIC Cluster","300",""
"1993204","10/5/2014 9:35:00 AM","10/5/2014 1:35:00 PM","1412501700","mem.overhead.maximum","KB","Host physical memory (KB) consumed by the virtualization infrastructure for running the virtual machine","GVIC Cluster","300",""
"0","10/5/2014 10:00:00 AM","10/5/2014 2:00:00 PM","1412503200","mem.compressed.average","KB","Amount of guest physical memory compressed by ESX/ESXi","GVIC Cluster","300",""
"0","10/5/2014 9:55:00 AM","10/5/2014 1:55:00 PM","1412502900","mem.compressed.average","KB","Amount of guest physical memory compressed by ESX/ESXi","GVIC Cluster","300",""
"0","10/5/2014 9:50:00 AM","10/5/2014 1:50:00 PM","1412502600","mem.compressed.average","KB","Amount of guest physical memory compressed by ESX/ESXi","GVIC Cluster","300",""
"0","10/5/2014 9:45:00 AM","10/5/2014 1:45:00 PM","1412502300","mem.compressed.average","KB","Amount of guest physical memory compressed by ESX/ESXi","GVIC Cluster","300",""
"0","10/5/2014 9:40:00 AM","10/5/2014 1:40:00 PM","1412502000","mem.compressed.average","KB","Amount of guest physical memory compressed by ESX/ESXi","GVIC Cluster","300",""
"0","10/5/2014 9:35:00 AM","10/5/2014 1:35:00 PM","1412501700","mem.compressed.average","KB","Amount of guest physical memory compressed by ESX/ESXi","GVIC Cluster","300",""
"0","10/5/2014 10:00:00 AM","10/5/2014 2:00:00 PM","1412503200","mem.compressionrate.average","KBps","Rate of memory compression for the virtual machine","GVIC Cluster","300",""
"0","10/5/2014 9:55:00 AM","10/5/2014 1:55:00 PM","1412502900","mem.compressionrate.average","KBps","Rate of memory compression for the virtual machine","GVIC Cluster","300",""
"0","10/5/2014 9:50:00 AM","10/5/2014 1:50:00 PM","1412502600","mem.compressionrate.average","KBps","Rate of memory compression for the virtual machine","GVIC Cluster","300",""
"0","10/5/2014 9:45:00 AM","10/5/2014 1:45:00 PM","1412502300","mem.compressionrate.average","KBps","Rate of memory compression for the virtual machine","GVIC Cluster","300",""
"0","10/5/2014 9:40:00 AM","10/5/2014 1:40:00 PM","1412502000","mem.compressionrate.average","KBps","Rate of memory compression for the virtual machine","GVIC Cluster","300",""
"0","10/5/2014 9:35:00 AM","10/5/2014 1:35:00 PM","1412501700","mem.compressionrate.average","KBps","Rate of memory compression for the virtual machine","GVIC Cluster","300",""
"0","10/5/2014 10:00:00 AM","10/5/2014 2:00:00 PM","1412503200","mem.decompressionrate.average","KBps","Rate of memory decompression for the virtual machine","GVIC Cluster","300",""
"0","10/5/2014 9:55:00 AM","10/5/2014 1:55:00 PM","1412502900","mem.decompressionrate.average","KBps","Rate of memory decompression for the virtual machine","GVIC Cluster","300",""
"0","10/5/2014 9:50:00 AM","10/5/2014 1:50:00 PM","1412502600","mem.decompressionrate.average","KBps","Rate of memory decompression for the virtual machine","GVIC Cluster","300",""
"0","10/5/2014 9:45:00 AM","10/5/2014 1:45:00 PM","1412502300","mem.decompressionrate.average","KBps","Rate of memory decompression for the virtual machine","GVIC Cluster","300",""
"0","10/5/2014 9:40:00 AM","10/5/2014 1:40:00 PM","1412502000","mem.decompressionrate.average","KBps","Rate of memory decompression for the virtual machine","GVIC Cluster","300",""
"0","10/5/2014 9:35:00 AM","10/5/2014 1:35:00 PM","1412501700","mem.decompressionrate.average","KBps","Rate of memory decompression for the virtual machine","GVIC Cluster","300",""
"402556928","10/5/2014 10:00:00 AM","10/5/2014 2:00:00 PM","1412503200","mem.capacity.provisioned.average","KB","Total amount of guest physical memory configured for the virtual machine","GVIC Cluster","300",""
"402556928","10/5/2014 9:55:00 AM","10/5/2014 1:55:00 PM","1412502900","mem.capacity.provisioned.average","KB","Total amount of guest physical memory configured for the virtual machine","GVIC Cluster","300",""
"402556928","10/5/2014 9:50:00 AM","10/5/2014 1:50:00 PM","1412502600","mem.capacity.provisioned.average","KB","Total amount of guest physical memory configured for the virtual machine","GVIC Cluster","300",""
"402556928","10/5/2014 9:45:00 AM","10/5/2014 1:45:00 PM","1412502300","mem.capacity.provisioned.average","KB","Total amount of guest physical memory configured for the virtual machine","GVIC Cluster","300",""
"402556928","10/5/2014 9:40:00 AM","10/5/2014 1:40:00 PM","1412502000","mem.capacity.provisioned.average","KB","Total amount of guest physical memory configured for the virtual machine","GVIC Cluster","300",""
"402556928","10/5/2014 9:35:00 AM","10/5/2014 1:35:00 PM","1412501700","mem.capacity.provisioned.average","KB","Total amount of guest physical memory configured for the virtual machine","GVIC Cluster","300",""
"53703571","10/5/2014 10:00:00 AM","10/5/2014 2:00:00 PM","1412503200","mem.capacity.entitlement.average","KB","Amount of host physical memory the virtual machine is entitled to, as determined by the ESX scheduler","GVIC Cluster","300",""
"53700156","10/5/2014 9:55:00 AM","10/5/2014 1:55:00 PM","1412502900","mem.capacity.entitlement.average","KB","Amount of host physical memory the virtual machine is entitled to, as determined by the ESX scheduler","GVIC Cluster","300",""
"53698986","10/5/2014 9:50:00 AM","10/5/2014 1:50:00 PM","1412502600","mem.capacity.entitlement.average","KB","Amount of host physical memory the virtual machine is entitled to, as determined by the ESX scheduler","GVIC Cluster","300",""
"119298973","10/5/2014 9:45:00 AM","10/5/2014 1:45:00 PM","1412502300","mem.capacity.entitlement.average","KB","Amount of host physical memory the virtual machine is entitled to, as determined by the ESX scheduler","GVIC Cluster","300",""
"119297858","10/5/2014 9:40:00 AM","10/5/2014 1:40:00 PM","1412502000","mem.capacity.entitlement.average","KB","Amount of host physical memory the virtual machine is entitled to, as determined by the ESX scheduler","GVIC Cluster","300",""
"165773256","10/5/2014 9:35:00 AM","10/5/2014 1:35:00 PM","1412501700","mem.capacity.entitlement.average","KB","Amount of host physical memory the virtual machine is entitled to, as determined by the ESX scheduler","GVIC Cluster","300",""
"394040620","10/5/2014 10:00:00 AM","10/5/2014 2:00:00 PM","1412503200","mem.capacity.usable.average","KB","Amount of host physical memory available for use by virtual machines on this host","GVIC Cluster","300",""
"394040136","10/5/2014 9:55:00 AM","10/5/2014 1:55:00 PM","1412502900","mem.capacity.usable.average","KB","Amount of host physical memory available for use by virtual machines on this host","GVIC Cluster","300",""
"394040115","10/5/2014 9:50:00 AM","10/5/2014 1:50:00 PM","1412502600","mem.capacity.usable.average","KB","Amount of host physical memory available for use by virtual machines on this host","GVIC Cluster","300",""
"394040059","10/5/2014 9:45:00 AM","10/5/2014 1:45:00 PM","1412502300","mem.capacity.usable.average","KB","Amount of host physical memory available for use by virtual machines on this host","GVIC Cluster","300",""
"394040408","10/5/2014 9:40:00 AM","10/5/2014 1:40:00 PM","1412502000","mem.capacity.usable.average","KB","Amount of host physical memory available for use by virtual machines on this host","GVIC Cluster","300",""
"394040692","10/5/2014 9:35:00 AM","10/5/2014 1:35:00 PM","1412501700","mem.capacity.usable.average","KB","Amount of host physical memory available for use by virtual machines on this host","GVIC Cluster","300",""
"23251670","10/5/2014 10:00:00 AM","10/5/2014 2:00:00 PM","1412503200","mem.capacity.usage.average","KB","Amount of host physical memory actively used","GVIC Cluster","300",""
"22464989","10/5/2014 9:55:00 AM","10/5/2014 1:55:00 PM","1412502900","mem.capacity.usage.average","KB","Amount of host physical memory actively used","GVIC Cluster","300",""
"22568828","10/5/2014 9:50:00 AM","10/5/2014 1:50:00 PM","1412502600","mem.capacity.usage.average","KB","Amount of host physical memory actively used","GVIC Cluster","300",""
"22941370","10/5/2014 9:45:00 AM","10/5/2014 1:45:00 PM","1412502300","mem.capacity.usage.average","KB","Amount of host physical memory actively used","GVIC Cluster","300",""
"23870958","10/5/2014 9:40:00 AM","10/5/2014 1:40:00 PM","1412502000","mem.capacity.usage.average","KB","Amount of host physical memory actively used","GVIC Cluster","300",""
"24288980","10/5/2014 9:35:00 AM","10/5/2014 1:35:00 PM","1412501700","mem.capacity.usage.average","KB","Amount of host physical memory actively used","GVIC Cluster","300",""
"0","10/5/2014 10:00:00 AM","10/5/2014 2:00:00 PM","1412503200","mem.capacity.contention.average","%","Percentage of time the virtual machine is waiting to access swapped, compressed or ballooned memory","GVIC Cluster","300",""
"0","10/5/2014 9:55:00 AM","10/5/2014 1:55:00 PM","1412502900","mem.capacity.contention.average","%","Percentage of time the virtual machine is waiting to access swapped, compressed or ballooned memory","GVIC Cluster","300",""
"0","10/5/2014 9:50:00 AM","10/5/2014 1:50:00 PM","1412502600","mem.capacity.contention.average","%","Percentage of time the virtual machine is waiting to access swapped, compressed or ballooned memory","GVIC Cluster","300",""
"0","10/5/2014 9:45:00 AM","10/5/2014 1:45:00 PM","1412502300","mem.capacity.contention.average","%","Percentage of time the virtual machine is waiting to access swapped, compressed or ballooned memory","GVIC Cluster","300",""
"0","10/5/2014 9:40:00 AM","10/5/2014 1:40:00 PM","1412502000","mem.capacity.contention.average","%","Percentage of time the virtual machine is waiting to access swapped, compressed or ballooned memory","GVIC Cluster","300",""
"0","10/5/2014 9:35:00 AM","10/5/2014 1:35:00 PM","1412501700","mem.capacity.contention.average","%","Percentage of time the virtual machine is waiting to access swapped, compressed or ballooned memory","GVIC Cluster","300",""
"3143418","10/5/2014 10:00:00 AM","10/5/2014 2:00:00 PM","1412503200","disk.throughput.usage.average","KBps","Aggregated disk I/O rate","GVIC Cluster","300",""
"2020224","10/5/2014 9:55:00 AM","10/5/2014 1:55:00 PM","1412502900","disk.throughput.usage.average","KBps","Aggregated disk I/O rate","GVIC Cluster","300",""
"2084906","10/5/2014 9:50:00 AM","10/5/2014 1:50:00 PM","1412502600","disk.throughput.usage.average","KBps","Aggregated disk I/O rate","GVIC Cluster","300",""
"3473396","10/5/2014 9:45:00 AM","10/5/2014 1:45:00 PM","1412502300","disk.throughput.usage.average","KBps","Aggregated disk I/O rate","GVIC Cluster","300",""
"5103383","10/5/2014 9:40:00 AM","10/5/2014 1:40:00 PM","1412502000","disk.throughput.usage.average","KBps","Aggregated disk I/O rate","GVIC Cluster","300",""
"7926196","10/5/2014 9:35:00 AM","10/5/2014 1:35:00 PM","1412501700","disk.throughput.usage.average","KBps","Aggregated disk I/O rate","GVIC Cluster","300",""
"15","10/5/2014 10:00:00 AM","10/5/2014 2:00:00 PM","1412503200","disk.throughput.contention.average","millisecond","Average amount of time for an I/O operation to complete","GVIC Cluster","300",""
"12","10/5/2014 9:55:00 AM","10/5/2014 1:55:00 PM","1412502900","disk.throughput.contention.average","millisecond","Average amount of time for an I/O operation to complete","GVIC Cluster","300",""
"15","10/5/2014 9:50:00 AM","10/5/2014 1:50:00 PM","1412502600","disk.throughput.contention.average","millisecond","Average amount of time for an I/O operation to complete","GVIC Cluster","300",""
"11","10/5/2014 9:45:00 AM","10/5/2014 1:45:00 PM","1412502300","disk.throughput.contention.average","millisecond","Average amount of time for an I/O operation to complete","GVIC Cluster","300",""
"18","10/5/2014 9:40:00 AM","10/5/2014 1:40:00 PM","1412502000","disk.throughput.contention.average","millisecond","Average amount of time for an I/O operation to complete","GVIC Cluster","300",""
"19","10/5/2014 9:35:00 AM","10/5/2014 1:35:00 PM","1412501700","disk.throughput.contention.average","millisecond","Average amount of time for an I/O operation to complete","GVIC Cluster","300",""
"61446144","10/5/2014 10:00:00 AM","10/5/2014 2:00:00 PM","1412503200","net.throughput.provisioned.average","KBps","Provisioned pNic I/O Throughput","GVIC Cluster","300",""
"61446144","10/5/2014 9:55:00 AM","10/5/2014 1:55:00 PM","1412502900","net.throughput.provisioned.average","KBps","Provisioned pNic I/O Throughput","GVIC Cluster","300",""
"61446144","10/5/2014 9:50:00 AM","10/5/2014 1:50:00 PM","1412502600","net.throughput.provisioned.average","KBps","Provisioned pNic I/O Throughput","GVIC Cluster","300",""
"61446144","10/5/2014 9:45:00 AM","10/5/2014 1:45:00 PM","1412502300","net.throughput.provisioned.average","KBps","Provisioned pNic I/O Throughput","GVIC Cluster","300",""
"61446144","10/5/2014 9:40:00 AM","10/5/2014 1:40:00 PM","1412502000","net.throughput.provisioned.average","KBps","Provisioned pNic I/O Throughput","GVIC Cluster","300",""
"61446144","10/5/2014 9:35:00 AM","10/5/2014 1:35:00 PM","1412501700","net.throughput.provisioned.average","KBps","Provisioned pNic I/O Throughput","GVIC Cluster","300",""
"61446144","10/5/2014 10:00:00 AM","10/5/2014 2:00:00 PM","1412503200","net.throughput.usable.average","KBps","Usable pNic I/O Throughput","GVIC Cluster","300",""
"61446144","10/5/2014 9:55:00 AM","10/5/2014 1:55:00 PM","1412502900","net.throughput.usable.average","KBps","Usable pNic I/O Throughput","GVIC Cluster","300",""
"61446144","10/5/2014 9:50:00 AM","10/5/2014 1:50:00 PM","1412502600","net.throughput.usable.average","KBps","Usable pNic I/O Throughput","GVIC Cluster","300",""
"61446144","10/5/2014 9:45:00 AM","10/5/2014 1:45:00 PM","1412502300","net.throughput.usable.average","KBps","Usable pNic I/O Throughput","GVIC Cluster","300",""
"61446144","10/5/2014 9:40:00 AM","10/5/2014 1:40:00 PM","1412502000","net.throughput.usable.average","KBps","Usable pNic I/O Throughput","GVIC Cluster","300",""
"61446144","10/5/2014 9:35:00 AM","10/5/2014 1:35:00 PM","1412501700","net.throughput.usable.average","KBps","Usable pNic I/O Throughput","GVIC Cluster","300",""
"365","10/5/2014 10:00:00 AM","10/5/2014 2:00:00 PM","1412503200","net.throughput.usage.average","KBps","Average vNic I/O rate","GVIC Cluster","300",""
"384","10/5/2014 9:55:00 AM","10/5/2014 1:55:00 PM","1412502900","net.throughput.usage.average","KBps","Average vNic I/O rate","GVIC Cluster","300",""
"355","10/5/2014 9:50:00 AM","10/5/2014 1:50:00 PM","1412502600","net.throughput.usage.average","KBps","Average vNic I/O rate","GVIC Cluster","300",""
"441","10/5/2014 9:45:00 AM","10/5/2014 1:45:00 PM","1412502300","net.throughput.usage.average","KBps","Average vNic I/O rate","GVIC Cluster","300",""
"979","10/5/2014 9:40:00 AM","10/5/2014 1:40:00 PM","1412502000","net.throughput.usage.average","KBps","Average vNic I/O rate","GVIC Cluster","300",""
"745","10/5/2014 9:35:00 AM","10/5/2014 1:35:00 PM","1412501700","net.throughput.usage.average","KBps","Average vNic I/O rate","GVIC Cluster","300",""
"0","10/5/2014 10:00:00 AM","10/5/2014 2:00:00 PM","1412503200","net.throughput.contention.summation","number","Count of vNic packet drops","GVIC Cluster","300",""
"0","10/5/2014 9:55:00 AM","10/5/2014 1:55:00 PM","1412502900","net.throughput.contention.summation","number","Count of vNic packet drops","GVIC Cluster","300",""
"0","10/5/2014 9:50:00 AM","10/5/2014 1:50:00 PM","1412502600","net.throughput.contention.summation","number","Count of vNic packet drops","GVIC Cluster","300",""
"0","10/5/2014 9:45:00 AM","10/5/2014 1:45:00 PM","1412502300","net.throughput.contention.summation","number","Count of vNic packet drops","GVIC Cluster","300",""
"0","10/5/2014 9:40:00 AM","10/5/2014 1:40:00 PM","1412502000","net.throughput.contention.summation","number","Count of vNic packet drops","GVIC Cluster","300",""
"0","10/5/2014 9:35:00 AM","10/5/2014 1:35:00 PM","1412501700","net.throughput.contention.summation","number","Count of vNic packet drops","GVIC Cluster","300",""
"387","10/5/2014 10:00:00 AM","10/5/2014 2:00:00 PM","1412503200","power.power.average","watt","Current power usage","GVIC Cluster","300",""
"387","10/5/2014 9:55:00 AM","10/5/2014 1:55:00 PM","1412502900","power.power.average","watt","Current power usage","GVIC Cluster","300",""
"387","10/5/2014 9:50:00 AM","10/5/2014 1:50:00 PM","1412502600","power.power.average","watt","Current power usage","GVIC Cluster","300",""
"387","10/5/2014 9:45:00 AM","10/5/2014 1:45:00 PM","1412502300","power.power.average","watt","Current power usage","GVIC Cluster","300",""
"387","10/5/2014 9:40:00 AM","10/5/2014 1:40:00 PM","1412502000","power.power.average","watt","Current power usage","GVIC Cluster","300",""
"387","10/5/2014 9:35:00 AM","10/5/2014 1:35:00 PM","1412501700","power.power.average","watt","Current power usage","GVIC Cluster","300",""
"2420","10/5/2014 10:00:00 AM","10/5/2014 2:00:00 PM","1412503200","power.powercap.average","watt","Maximum allowed power usage","GVIC Cluster","300",""
"2420","10/5/2014 9:55:00 AM","10/5/2014 1:55:00 PM","1412502900","power.powercap.average","watt","Maximum allowed power usage","GVIC Cluster","300",""
"2420","10/5/2014 9:50:00 AM","10/5/2014 1:50:00 PM","1412502600","power.powercap.average","watt","Maximum allowed power usage","GVIC Cluster","300",""
"2420","10/5/2014 9:45:00 AM","10/5/2014 1:45:00 PM","1412502300","power.powercap.average","watt","Maximum allowed power usage","GVIC Cluster","300",""
"2420","10/5/2014 9:40:00 AM","10/5/2014 1:40:00 PM","1412502000","power.powercap.average","watt","Maximum allowed power usage","GVIC Cluster","300",""
"2420","10/5/2014 9:35:00 AM","10/5/2014 1:35:00 PM","1412501700","power.powercap.average","watt","Maximum allowed power usage","GVIC Cluster","300",""
"117002","10/5/2014 10:00:00 AM","10/5/2014 2:00:00 PM","1412503200","power.energy.summation","joule","Total energy used since last stats reset","GVIC Cluster","300",""
"117001","10/5/2014 9:55:00 AM","10/5/2014 1:55:00 PM","1412502900","power.energy.summation","joule","Total energy used since last stats reset","GVIC Cluster","300",""
"117000","10/5/2014 9:50:00 AM","10/5/2014 1:50:00 PM","1412502600","power.energy.summation","joule","Total energy used since last stats reset","GVIC Cluster","300",""
"117004","10/5/2014 9:45:00 AM","10/5/2014 1:45:00 PM","1412502300","power.energy.summation","joule","Total energy used since last stats reset","GVIC Cluster","300",""
"116996","10/5/2014 9:40:00 AM","10/5/2014 1:40:00 PM","1412502000","power.energy.summation","joule","Total energy used since last stats reset","GVIC Cluster","300",""
"117000","10/5/2014 9:35:00 AM","10/5/2014 1:35:00 PM","1412501700","power.energy.summation","joule","Total energy used since last stats reset","GVIC Cluster","300",""
"902","10/5/2014 10:00:00 AM","10/5/2014 2:00:00 PM","1412503200","vmop.numpoweron.latest","number","Number of virtual machine power on operations","GVIC Cluster","300",""
"902","10/5/2014 9:55:00 AM","10/5/2014 1:55:00 PM","1412502900","vmop.numpoweron.latest","number","Number of virtual machine power on operations","GVIC Cluster","300",""
"902","10/5/2014 9:50:00 AM","10/5/2014 1:50:00 PM","1412502600","vmop.numpoweron.latest","number","Number of virtual machine power on operations","GVIC Cluster","300",""
"902","10/5/2014 9:45:00 AM","10/5/2014 1:45:00 PM","1412502300","vmop.numpoweron.latest","number","Number of virtual machine power on operations","GVIC Cluster","300",""
"902","10/5/2014 9:40:00 AM","10/5/2014 1:40:00 PM","1412502000","vmop.numpoweron.latest","number","Number of virtual machine power on operations","GVIC Cluster","300",""
"902","10/5/2014 9:35:00 AM","10/5/2014 1:35:00 PM","1412501700","vmop.numpoweron.latest","number","Number of virtual machine power on operations","GVIC Cluster","300",""
"170","10/5/2014 10:00:00 AM","10/5/2014 2:00:00 PM","1412503200","vmop.numpoweroff.latest","number","Number of virtual machine power off operations","GVIC Cluster","300",""
"170","10/5/2014 9:55:00 AM","10/5/2014 1:55:00 PM","1412502900","vmop.numpoweroff.latest","number","Number of virtual machine power off operations","GVIC Cluster","300",""
"170","10/5/2014 9:50:00 AM","10/5/2014 1:50:00 PM","1412502600","vmop.numpoweroff.latest","number","Number of virtual machine power off operations","GVIC Cluster","300",""
"170","10/5/2014 9:45:00 AM","10/5/2014 1:45:00 PM","1412502300","vmop.numpoweroff.latest","number","Number of virtual machine power off operations","GVIC Cluster","300",""
"170","10/5/2014 9:40:00 AM","10/5/2014 1:40:00 PM","1412502000","vmop.numpoweroff.latest","number","Number of virtual machine power off operations","GVIC Cluster","300",""
"170","10/5/2014 9:35:00 AM","10/5/2014 1:35:00 PM","1412501700","vmop.numpoweroff.latest","number","Number of virtual machine power off operations","GVIC Cluster","300",""
"3","10/5/2014 10:00:00 AM","10/5/2014 2:00:00 PM","1412503200","vmop.numsuspend.latest","number","Number of virtual machine suspend operations","GVIC Cluster","300",""
"3","10/5/2014 9:55:00 AM","10/5/2014 1:55:00 PM","1412502900","vmop.numsuspend.latest","number","Number of virtual machine suspend operations","GVIC Cluster","300",""
"3","10/5/2014 9:50:00 AM","10/5/2014 1:50:00 PM","1412502600","vmop.numsuspend.latest","number","Number of virtual machine suspend operations","GVIC Cluster","300",""
"3","10/5/2014 9:45:00 AM","10/5/2014 1:45:00 PM","1412502300","vmop.numsuspend.latest","number","Number of virtual machine suspend operations","GVIC Cluster","300",""
"3","10/5/2014 9:40:00 AM","10/5/2014 1:40:00 PM","1412502000","vmop.numsuspend.latest","number","Number of virtual machine suspend operations","GVIC Cluster","300",""
"3","10/5/2014 9:35:00 AM","10/5/2014 1:35:00 PM","1412501700","vmop.numsuspend.latest","number","Number of virtual machine suspend operations","GVIC Cluster","300",""
"27","10/5/2014 10:00:00 AM","10/5/2014 2:00:00 PM","1412503200","vmop.numreset.latest","number","Number of virtual machine reset operations","GVIC Cluster","300",""
"27","10/5/2014 9:55:00 AM","10/5/2014 1:55:00 PM","1412502900","vmop.numreset.latest","number","Number of virtual machine reset operations","GVIC Cluster","300",""
"27","10/5/2014 9:50:00 AM","10/5/2014 1:50:00 PM","1412502600","vmop.numreset.latest","number","Number of virtual machine reset operations","GVIC Cluster","300",""
"27","10/5/2014 9:45:00 AM","10/5/2014 1:45:00 PM","1412502300","vmop.numreset.latest","number","Number of virtual machine reset operations","GVIC Cluster","300",""
"27","10/5/2014 9:40:00 AM","10/5/2014 1:40:00 PM","1412502000","vmop.numreset.latest","number","Number of virtual machine reset operations","GVIC Cluster","300",""
"27","10/5/2014 9:35:00 AM","10/5/2014 1:35:00 PM","1412501700","vmop.numreset.latest","number","Number of virtual machine reset operations","GVIC Cluster","300",""
"17","10/5/2014 10:00:00 AM","10/5/2014 2:00:00 PM","1412503200","vmop.numrebootguest.latest","number","Number of virtual machine guest reboot operations","GVIC Cluster","300",""
"17","10/5/2014 9:55:00 AM","10/5/2014 1:55:00 PM","1412502900","vmop.numrebootguest.latest","number","Number of virtual machine guest reboot operations","GVIC Cluster","300",""
"17","10/5/2014 9:50:00 AM","10/5/2014 1:50:00 PM","1412502600","vmop.numrebootguest.latest","number","Number of virtual machine guest reboot operations","GVIC Cluster","300",""
"17","10/5/2014 9:45:00 AM","10/5/2014 1:45:00 PM","1412502300","vmop.numrebootguest.latest","number","Number of virtual machine guest reboot operations","GVIC Cluster","300",""
"17","10/5/2014 9:40:00 AM","10/5/2014 1:40:00 PM","1412502000","vmop.numrebootguest.latest","number","Number of virtual machine guest reboot operations","GVIC Cluster","300",""
"17","10/5/2014 9:35:00 AM","10/5/2014 1:35:00 PM","1412501700","vmop.numrebootguest.latest","number","Number of virtual machine guest reboot operations","GVIC Cluster","300",""
"0","10/5/2014 10:00:00 AM","10/5/2014 2:00:00 PM","1412503200","vmop.numstandbyguest.latest","number","Number of virtual machine standby guest operations","GVIC Cluster","300",""
"0","10/5/2014 9:55:00 AM","10/5/2014 1:55:00 PM","1412502900","vmop.numstandbyguest.latest","number","Number of virtual machine standby guest operations","GVIC Cluster","300",""
"0","10/5/2014 9:50:00 AM","10/5/2014 1:50:00 PM","1412502600","vmop.numstandbyguest.latest","number","Number of virtual machine standby guest operations","GVIC Cluster","300",""
"0","10/5/2014 9:45:00 AM","10/5/2014 1:45:00 PM","1412502300","vmop.numstandbyguest.latest","number","Number of virtual machine standby guest operations","GVIC Cluster","300",""
"0","10/5/2014 9:40:00 AM","10/5/2014 1:40:00 PM","1412502000","vmop.numstandbyguest.latest","number","Number of virtual machine standby guest operations","GVIC Cluster","300",""
"0","10/5/2014 9:35:00 AM","10/5/2014 1:35:00 PM","1412501700","vmop.numstandbyguest.latest","number","Number of virtual machine standby guest operations","GVIC Cluster","300",""
"71","10/5/2014 10:00:00 AM","10/5/2014 2:00:00 PM","1412503200","vmop.numshutdownguest.latest","number","Number of virtual machine guest shutdown operations","GVIC Cluster","300",""
"71","10/5/2014 9:55:00 AM","10/5/2014 1:55:00 PM","1412502900","vmop.numshutdownguest.latest","number","Number of virtual machine guest shutdown operations","GVIC Cluster","300",""
"71","10/5/2014 9:50:00 AM","10/5/2014 1:50:00 PM","1412502600","vmop.numshutdownguest.latest","number","Number of virtual machine guest shutdown operations","GVIC Cluster","300",""
"71","10/5/2014 9:45:00 AM","10/5/2014 1:45:00 PM","1412502300","vmop.numshutdownguest.latest","number","Number of virtual machine guest shutdown operations","GVIC Cluster","300",""
"71","10/5/2014 9:40:00 AM","10/5/2014 1:40:00 PM","1412502000","vmop.numshutdownguest.latest","number","Number of virtual machine guest shutdown operations","GVIC Cluster","300",""
"71","10/5/2014 9:35:00 AM","10/5/2014 1:35:00 PM","1412501700","vmop.numshutdownguest.latest","number","Number of virtual machine guest shutdown operations","GVIC Cluster","300",""
"61","10/5/2014 10:00:00 AM","10/5/2014 2:00:00 PM","1412503200","vmop.numcreate.latest","number","Number of virtual machine create operations","GVIC Cluster","300",""
"61","10/5/2014 9:55:00 AM","10/5/2014 1:55:00 PM","1412502900","vmop.numcreate.latest","number","Number of virtual machine create operations","GVIC Cluster","300",""
"61","10/5/2014 9:50:00 AM","10/5/2014 1:50:00 PM","1412502600","vmop.numcreate.latest","number","Number of virtual machine create operations","GVIC Cluster","300",""
"61","10/5/2014 9:45:00 AM","10/5/2014 1:45:00 PM","1412502300","vmop.numcreate.latest","number","Number of virtual machine create operations","GVIC Cluster","300",""
"61","10/5/2014 9:40:00 AM","10/5/2014 1:40:00 PM","1412502000","vmop.numcreate.latest","number","Number of virtual machine create operations","GVIC Cluster","300",""
"61","10/5/2014 9:35:00 AM","10/5/2014 1:35:00 PM","1412501700","vmop.numcreate.latest","number","Number of virtual machine create operations","GVIC Cluster","300",""
"544","10/5/2014 10:00:00 AM","10/5/2014 2:00:00 PM","1412503200","vmop.numdestroy.latest","number","Number of virtual machine delete operations","GVIC Cluster","300",""
"544","10/5/2014 9:55:00 AM","10/5/2014 1:55:00 PM","1412502900","vmop.numdestroy.latest","number","Number of virtual machine delete operations","GVIC Cluster","300",""
"544","10/5/2014 9:50:00 AM","10/5/2014 1:50:00 PM","1412502600","vmop.numdestroy.latest","number","Number of virtual machine delete operations","GVIC Cluster","300",""
"544","10/5/2014 9:45:00 AM","10/5/2014 1:45:00 PM","1412502300","vmop.numdestroy.latest","number","Number of virtual machine delete operations","GVIC Cluster","300",""
"544","10/5/2014 9:40:00 AM","10/5/2014 1:40:00 PM","1412502000","vmop.numdestroy.latest","number","Number of virtual machine delete operations","GVIC Cluster","300",""
"544","10/5/2014 9:35:00 AM","10/5/2014 1:35:00 PM","1412501700","vmop.numdestroy.latest","number","Number of virtual machine delete operations","GVIC Cluster","300",""
"7","10/5/2014 10:00:00 AM","10/5/2014 2:00:00 PM","1412503200","vmop.numregister.latest","number","Number of virtual machine register operations","GVIC Cluster","300",""
"7","10/5/2014 9:55:00 AM","10/5/2014 1:55:00 PM","1412502900","vmop.numregister.latest","number","Number of virtual machine register operations","GVIC Cluster","300",""
"7","10/5/2014 9:50:00 AM","10/5/2014 1:50:00 PM","1412502600","vmop.numregister.latest","number","Number of virtual machine register operations","GVIC Cluster","300",""
"7","10/5/2014 9:45:00 AM","10/5/2014 1:45:00 PM","1412502300","vmop.numregister.latest","number","Number of virtual machine register operations","GVIC Cluster","300",""
"7","10/5/2014 9:40:00 AM","10/5/2014 1:40:00 PM","1412502000","vmop.numregister.latest","number","Number of virtual machine register operations","GVIC Cluster","300",""
"7","10/5/2014 9:35:00 AM","10/5/2014 1:35:00 PM","1412501700","vmop.numregister.latest","number","Number of virtual machine register operations","GVIC Cluster","300",""
"14","10/5/2014 10:00:00 AM","10/5/2014 2:00:00 PM","1412503200","vmop.numunregister.latest","number","Number of virtual machine unregister operations","GVIC Cluster","300",""
"14","10/5/2014 9:55:00 AM","10/5/2014 1:55:00 PM","1412502900","vmop.numunregister.latest","number","Number of virtual machine unregister operations","GVIC Cluster","300",""
"14","10/5/2014 9:50:00 AM","10/5/2014 1:50:00 PM","1412502600","vmop.numunregister.latest","number","Number of virtual machine unregister operations","GVIC Cluster","300",""
"14","10/5/2014 9:45:00 AM","10/5/2014 1:45:00 PM","1412502300","vmop.numunregister.latest","number","Number of virtual machine unregister operations","GVIC Cluster","300",""
"14","10/5/2014 9:40:00 AM","10/5/2014 1:40:00 PM","1412502000","vmop.numunregister.latest","number","Number of virtual machine unregister operations","GVIC Cluster","300",""
"14","10/5/2014 9:35:00 AM","10/5/2014 1:35:00 PM","1412501700","vmop.numunregister.latest","number","Number of virtual machine unregister operations","GVIC Cluster","300",""
"3338","10/5/2014 10:00:00 AM","10/5/2014 2:00:00 PM","1412503200","vmop.numreconfigure.latest","number","Number of virtual machine reconfigure operations","GVIC Cluster","300",""
"3338","10/5/2014 9:55:00 AM","10/5/2014 1:55:00 PM","1412502900","vmop.numreconfigure.latest","number","Number of virtual machine reconfigure operations","GVIC Cluster","300",""
"3338","10/5/2014 9:50:00 AM","10/5/2014 1:50:00 PM","1412502600","vmop.numreconfigure.latest","number","Number of virtual machine reconfigure operations","GVIC Cluster","300",""
"3338","10/5/2014 9:45:00 AM","10/5/2014 1:45:00 PM","1412502300","vmop.numreconfigure.latest","number","Number of virtual machine reconfigure operations","GVIC Cluster","300",""
"3338","10/5/2014 9:40:00 AM","10/5/2014 1:40:00 PM","1412502000","vmop.numreconfigure.latest","number","Number of virtual machine reconfigure operations","GVIC Cluster","300",""
"3338","10/5/2014 9:35:00 AM","10/5/2014 1:35:00 PM","1412501700","vmop.numreconfigure.latest","number","Number of virtual machine reconfigure operations","GVIC Cluster","300",""
"0","10/5/2014 10:00:00 AM","10/5/2014 2:00:00 PM","1412503200","vmop.numclone.latest","number","Number of virtual machine clone operations","GVIC Cluster","300",""
"0","10/5/2014 9:55:00 AM","10/5/2014 1:55:00 PM","1412502900","vmop.numclone.latest","number","Number of virtual machine clone operations","GVIC Cluster","300",""
"0","10/5/2014 9:50:00 AM","10/5/2014 1:50:00 PM","1412502600","vmop.numclone.latest","number","Number of virtual machine clone operations","GVIC Cluster","300",""
"0","10/5/2014 9:45:00 AM","10/5/2014 1:45:00 PM","1412502300","vmop.numclone.latest","number","Number of virtual machine clone operations","GVIC Cluster","300",""
"0","10/5/2014 9:40:00 AM","10/5/2014 1:40:00 PM","1412502000","vmop.numclone.latest","number","Number of virtual machine clone operations","GVIC Cluster","300",""
"0","10/5/2014 9:35:00 AM","10/5/2014 1:35:00 PM","1412501700","vmop.numclone.latest","number","Number of virtual machine clone operations","GVIC Cluster","300",""
"0","10/5/2014 10:00:00 AM","10/5/2014 2:00:00 PM","1412503200","vmop.numdeploy.latest","number","Number of virtual machine template deploy operations","GVIC Cluster","300",""
"0","10/5/2014 9:55:00 AM","10/5/2014 1:55:00 PM","1412502900","vmop.numdeploy.latest","number","Number of virtual machine template deploy operations","GVIC Cluster","300",""
"0","10/5/2014 9:50:00 AM","10/5/2014 1:50:00 PM","1412502600","vmop.numdeploy.latest","number","Number of virtual machine template deploy operations","GVIC Cluster","300",""
"0","10/5/2014 9:45:00 AM","10/5/2014 1:45:00 PM","1412502300","vmop.numdeploy.latest","number","Number of virtual machine template deploy operations","GVIC Cluster","300",""
"0","10/5/2014 9:40:00 AM","10/5/2014 1:40:00 PM","1412502000","vmop.numdeploy.latest","number","Number of virtual machine template deploy operations","GVIC Cluster","300",""
"0","10/5/2014 9:35:00 AM","10/5/2014 1:35:00 PM","1412501700","vmop.numdeploy.latest","number","Number of virtual machine template deploy operations","GVIC Cluster","300",""
"782","10/5/2014 10:00:00 AM","10/5/2014 2:00:00 PM","1412503200","vmop.numchangehost.latest","number","Number of host change operations for powered-off and suspended VMs","GVIC Cluster","300",""
"782","10/5/2014 9:55:00 AM","10/5/2014 1:55:00 PM","1412502900","vmop.numchangehost.latest","number","Number of host change operations for powered-off and suspended VMs","GVIC Cluster","300",""
"782","10/5/2014 9:50:00 AM","10/5/2014 1:50:00 PM","1412502600","vmop.numchangehost.latest","number","Number of host change operations for powered-off and suspended VMs","GVIC Cluster","300",""
"782","10/5/2014 9:45:00 AM","10/5/2014 1:45:00 PM","1412502300","vmop.numchangehost.latest","number","Number of host change operations for powered-off and suspended VMs","GVIC Cluster","300",""
"782","10/5/2014 9:40:00 AM","10/5/2014 1:40:00 PM","1412502000","vmop.numchangehost.latest","number","Number of host change operations for powered-off and suspended VMs","GVIC Cluster","300",""
"782","10/5/2014 9:35:00 AM","10/5/2014 1:35:00 PM","1412501700","vmop.numchangehost.latest","number","Number of host change operations for powered-off and suspended VMs","GVIC Cluster","300",""
"27","10/5/2014 10:00:00 AM","10/5/2014 2:00:00 PM","1412503200","vmop.numchangeds.latest","number","Number of datastore change operations for powered-off and suspended virtual machines","GVIC Cluster","300",""
"27","10/5/2014 9:55:00 AM","10/5/2014 1:55:00 PM","1412502900","vmop.numchangeds.latest","number","Number of datastore change operations for powered-off and suspended virtual machines","GVIC Cluster","300",""
"27","10/5/2014 9:50:00 AM","10/5/2014 1:50:00 PM","1412502600","vmop.numchangeds.latest","number","Number of datastore change operations for powered-off and suspended virtual machines","GVIC Cluster","300",""
"27","10/5/2014 9:45:00 AM","10/5/2014 1:45:00 PM","1412502300","vmop.numchangeds.latest","number","Number of datastore change operations for powered-off and suspended virtual machines","GVIC Cluster","300",""
"27","10/5/2014 9:40:00 AM","10/5/2014 1:40:00 PM","1412502000","vmop.numchangeds.latest","number","Number of datastore change operations for powered-off and suspended virtual machines","GVIC Cluster","300",""
"27","10/5/2014 9:35:00 AM","10/5/2014 1:35:00 PM","1412501700","vmop.numchangeds.latest","number","Number of datastore change operations for powered-off and suspended virtual machines","GVIC Cluster","300",""
"4","10/5/2014 10:00:00 AM","10/5/2014 2:00:00 PM","1412503200","vmop.numchangehostds.latest","number","Number of host and datastore change operations for powered-off and suspended virtual machines","GVIC Cluster","300",""
"4","10/5/2014 9:55:00 AM","10/5/2014 1:55:00 PM","1412502900","vmop.numchangehostds.latest","number","Number of host and datastore change operations for powered-off and suspended virtual machines","GVIC Cluster","300",""
"4","10/5/2014 9:50:00 AM","10/5/2014 1:50:00 PM","1412502600","vmop.numchangehostds.latest","number","Number of host and datastore change operations for powered-off and suspended virtual machines","GVIC Cluster","300",""
"4","10/5/2014 9:45:00 AM","10/5/2014 1:45:00 PM","1412502300","vmop.numchangehostds.latest","number","Number of host and datastore change operations for powered-off and suspended virtual machines","GVIC Cluster","300",""
"4","10/5/2014 9:40:00 AM","10/5/2014 1:40:00 PM","1412502000","vmop.numchangehostds.latest","number","Number of host and datastore change operations for powered-off and suspended virtual machines","GVIC Cluster","300",""
"4","10/5/2014 9:35:00 AM","10/5/2014 1:35:00 PM","1412501700","vmop.numchangehostds.latest","number","Number of host and datastore change operations for powered-off and suspended virtual machines","GVIC Cluster","300",""
"670","10/5/2014 10:00:00 AM","10/5/2014 2:00:00 PM","1412503200","vmop.numvmotion.latest","number","Number of migrations with vMotion (host change operations for powered-on VMs)","GVIC Cluster","300",""
"670","10/5/2014 9:55:00 AM","10/5/2014 1:55:00 PM","1412502900","vmop.numvmotion.latest","number","Number of migrations with vMotion (host change operations for powered-on VMs)","GVIC Cluster","300",""
"670","10/5/2014 9:50:00 AM","10/5/2014 1:50:00 PM","1412502600","vmop.numvmotion.latest","number","Number of migrations with vMotion (host change operations for powered-on VMs)","GVIC Cluster","300",""
"670","10/5/2014 9:45:00 AM","10/5/2014 1:45:00 PM","1412502300","vmop.numvmotion.latest","number","Number of migrations with vMotion (host change operations for powered-on VMs)","GVIC Cluster","300",""
"670","10/5/2014 9:40:00 AM","10/5/2014 1:40:00 PM","1412502000","vmop.numvmotion.latest","number","Number of migrations with vMotion (host change operations for powered-on VMs)","GVIC Cluster","300",""
"670","10/5/2014 9:35:00 AM","10/5/2014 1:35:00 PM","1412501700","vmop.numvmotion.latest","number","Number of migrations with vMotion (host change operations for powered-on VMs)","GVIC Cluster","300",""
"23","10/5/2014 10:00:00 AM","10/5/2014 2:00:00 PM","1412503200","vmop.numsvmotion.latest","number","Number of migrations with Storage vMotion (datastore change operations for powered-on VMs)","GVIC Cluster","300",""
"23","10/5/2014 9:55:00 AM","10/5/2014 1:55:00 PM","1412502900","vmop.numsvmotion.latest","number","Number of migrations with Storage vMotion (datastore change operations for powered-on VMs)","GVIC Cluster","300",""
"23","10/5/2014 9:50:00 AM","10/5/2014 1:50:00 PM","1412502600","vmop.numsvmotion.latest","number","Number of migrations with Storage vMotion (datastore change operations for powered-on VMs)","GVIC Cluster","300",""
"23","10/5/2014 9:45:00 AM","10/5/2014 1:45:00 PM","1412502300","vmop.numsvmotion.latest","number","Number of migrations with Storage vMotion (datastore change operations for powered-on VMs)","GVIC Cluster","300",""
"23","10/5/2014 9:40:00 AM","10/5/2014 1:40:00 PM","1412502000","vmop.numsvmotion.latest","number","Number of migrations with Storage vMotion (datastore change operations for powered-on VMs)","GVIC Cluster","300",""
"23","10/5/2014 9:35:00 AM","10/5/2014 1:35:00 PM","1412501700","vmop.numsvmotion.latest","number","Number of migrations with Storage vMotion (datastore change operations for powered-on VMs)","GVIC Cluster","300",""
"113314","10/5/2014 10:00:00 AM","10/5/2014 2:00:00 PM","1412503200","clusterservices.effectivecpu.average","MHz","Total available CPU resources of all hosts within a cluster","GVIC Cluster","300",""
"113314","10/5/2014 9:55:00 AM","10/5/2014 1:55:00 PM","1412502900","clusterservices.effectivecpu.average","MHz","Total available CPU resources of all hosts within a cluster","GVIC Cluster","300",""
"113314","10/5/2014 9:50:00 AM","10/5/2014 1:50:00 PM","1412502600","clusterservices.effectivecpu.average","MHz","Total available CPU resources of all hosts within a cluster","GVIC Cluster","300",""
"113314","10/5/2014 9:45:00 AM","10/5/2014 1:45:00 PM","1412502300","clusterservices.effectivecpu.average","MHz","Total available CPU resources of all hosts within a cluster","GVIC Cluster","300",""
"113314","10/5/2014 9:40:00 AM","10/5/2014 1:40:00 PM","1412502000","clusterservices.effectivecpu.average","MHz","Total available CPU resources of all hosts within a cluster","GVIC Cluster","300",""
"113314","10/5/2014 9:35:00 AM","10/5/2014 1:35:00 PM","1412501700","clusterservices.effectivecpu.average","MHz","Total available CPU resources of all hosts within a cluster","GVIC Cluster","300",""
"371829","10/5/2014 10:00:00 AM","10/5/2014 2:00:00 PM","1412503200","clusterservices.effectivemem.average","MB","Total amount of machine memory of all hosts in the cluster that is available for use for virtual machine memory and overhead memory","GVIC Cluster","300",""
"371829","10/5/2014 9:55:00 AM","10/5/2014 1:55:00 PM","1412502900","clusterservices.effectivemem.average","MB","Total amount of machine memory of all hosts in the cluster that is available for use for virtual machine memory and overhead memory","GVIC Cluster","300",""
"371829","10/5/2014 9:50:00 AM","10/5/2014 1:50:00 PM","1412502600","clusterservices.effectivemem.average","MB","Total amount of machine memory of all hosts in the cluster that is available for use for virtual machine memory and overhead memory","GVIC Cluster","300",""
"371829","10/5/2014 9:45:00 AM","10/5/2014 1:45:00 PM","1412502300","clusterservices.effectivemem.average","MB","Total amount of machine memory of all hosts in the cluster that is available for use for virtual machine memory and overhead memory","GVIC Cluster","300",""
"371829","10/5/2014 9:40:00 AM","10/5/2014 1:40:00 PM","1412502000","clusterservices.effectivemem.average","MB","Total amount of machine memory of all hosts in the cluster that is available for use for virtual machine memory and overhead memory","GVIC Cluster","300",""
"371829","10/5/2014 9:35:00 AM","10/5/2014 1:35:00 PM","1412501700","clusterservices.effectivemem.average","MB","Total amount of machine memory of all hosts in the cluster that is available for use for virtual machine memory and overhead memory","GVIC Cluster","300",""
"113314","10/5/2014 10:00:00 AM","10/5/2014 2:00:00 PM","1412503200","cpu.totalmhz.average","MHz","Total amount of CPU resources of all hosts in the cluster","GVIC Cluster","300",""
"113314","10/5/2014 9:55:00 AM","10/5/2014 1:55:00 PM","1412502900","cpu.totalmhz.average","MHz","Total amount of CPU resources of all hosts in the cluster","GVIC Cluster","300",""
"113314","10/5/2014 9:50:00 AM","10/5/2014 1:50:00 PM","1412502600","cpu.totalmhz.average","MHz","Total amount of CPU resources of all hosts in the cluster","GVIC Cluster","300",""
"113314","10/5/2014 9:45:00 AM","10/5/2014 1:45:00 PM","1412502300","cpu.totalmhz.average","MHz","Total amount of CPU resources of all hosts in the cluster","GVIC Cluster","300",""
"113314","10/5/2014 9:40:00 AM","10/5/2014 1:40:00 PM","1412502000","cpu.totalmhz.average","MHz","Total amount of CPU resources of all hosts in the cluster","GVIC Cluster","300",""
"113314","10/5/2014 9:35:00 AM","10/5/2014 1:35:00 PM","1412501700","cpu.totalmhz.average","MHz","Total amount of CPU resources of all hosts in the cluster","GVIC Cluster","300",""
"371829","10/5/2014 10:00:00 AM","10/5/2014 2:00:00 PM","1412503200","mem.totalmb.average","MB","Total amount of host physicalmemory of all hosts in the cluster that is available for virtual machine memory (physical memory for use by the guest OS) and virtual machine overhead memory","GVIC Cluster","300",""
"371829","10/5/2014 9:55:00 AM","10/5/2014 1:55:00 PM","1412502900","mem.totalmb.average","MB","Total amount of host physicalmemory of all hosts in the cluster that is available for virtual machine memory (physical memory for use by the guest OS) and virtual machine overhead memory","GVIC Cluster","300",""
"371829","10/5/2014 9:50:00 AM","10/5/2014 1:50:00 PM","1412502600","mem.totalmb.average","MB","Total amount of host physicalmemory of all hosts in the cluster that is available for virtual machine memory (physical memory for use by the guest OS) and virtual machine overhead memory","GVIC Cluster","300",""
"371829","10/5/2014 9:45:00 AM","10/5/2014 1:45:00 PM","1412502300","mem.totalmb.average","MB","Total amount of host physicalmemory of all hosts in the cluster that is available for virtual machine memory (physical memory for use by the guest OS) and virtual machine overhead memory","GVIC Cluster","300",""
"371829","10/5/2014 9:40:00 AM","10/5/2014 1:40:00 PM","1412502000","mem.totalmb.average","MB","Total amount of host physicalmemory of all hosts in the cluster that is available for virtual machine memory (physical memory for use by the guest OS) and virtual machine overhead memory","GVIC Cluster","300",""
"371829","10/5/2014 9:35:00 AM","10/5/2014 1:35:00 PM","1412501700","mem.totalmb.average","MB","Total amount of host physicalmemory of all hosts in the cluster that is available for virtual machine memory (physical memory for use by the guest OS) and virtual machine overhead memory","GVIC Cluster","300",""
"0","10/5/2014 10:00:00 AM","10/5/2014 2:00:00 PM","1412503200","clusterservices.failover.latest","number","vSphere HA number of failures that can be tolerated","GVIC Cluster","300",""
"0","10/5/2014 9:55:00 AM","10/5/2014 1:55:00 PM","1412502900","clusterservices.failover.latest","number","vSphere HA number of failures that can be tolerated","GVIC Cluster","300",""
"0","10/5/2014 9:50:00 AM","10/5/2014 1:50:00 PM","1412502600","clusterservices.failover.latest","number","vSphere HA number of failures that can be tolerated","GVIC Cluster","300",""
"0","10/5/2014 9:45:00 AM","10/5/2014 1:45:00 PM","1412502300","clusterservices.failover.latest","number","vSphere HA number of failures that can be tolerated","GVIC Cluster","300",""
"0","10/5/2014 9:40:00 AM","10/5/2014 1:40:00 PM","1412502000","clusterservices.failover.latest","number","vSphere HA number of failures that can be tolerated","GVIC Cluster","300",""
"0","10/5/2014 9:35:00 AM","10/5/2014 1:35:00 PM","1412501700","clusterservices.failover.latest","number","vSphere HA number of failures that can be tolerated","GVIC Cluster","300",""
"3.82","10/5/2014 10:00:00 AM","10/5/2014 2:00:00 PM","1412503200","cpu.usage.average","%","CPU usage as a percentage during the interval","GVIC Cluster","300","*"
"3.56","10/5/2014 9:55:00 AM","10/5/2014 1:55:00 PM","1412502900","cpu.usage.average","%","CPU usage as a percentage during the interval","GVIC Cluster","300","*"
"3.52","10/5/2014 9:50:00 AM","10/5/2014 1:50:00 PM","1412502600","cpu.usage.average","%","CPU usage as a percentage during the interval","GVIC Cluster","300","*"
"10.06","10/5/2014 9:45:00 AM","10/5/2014 1:45:00 PM","1412502300","cpu.usage.average","%","CPU usage as a percentage during the interval","GVIC Cluster","300","*"
"10.03","10/5/2014 9:40:00 AM","10/5/2014 1:40:00 PM","1412502000","cpu.usage.average","%","CPU usage as a percentage during the interval","GVIC Cluster","300","*"
"15.71","10/5/2014 9:35:00 AM","10/5/2014 1:35:00 PM","1412501700","cpu.usage.average","%","CPU usage as a percentage during the interval","GVIC Cluster","300","*"
"2","10/5/2014 10:00:00 AM","10/5/2014 2:00:00 PM","1412503200","cpu.usage.minimum","%","CPU usage as a percentage during the interval","GVIC Cluster","300","*"
"2.09","10/5/2014 9:55:00 AM","10/5/2014 1:55:00 PM","1412502900","cpu.usage.minimum","%","CPU usage as a percentage during the interval","GVIC Cluster","300","*"
"1.94","10/5/2014 9:50:00 AM","10/5/2014 1:50:00 PM","1412502600","cpu.usage.minimum","%","CPU usage as a percentage during the interval","GVIC Cluster","300","*"
"8.23","10/5/2014 9:45:00 AM","10/5/2014 1:45:00 PM","1412502300","cpu.usage.minimum","%","CPU usage as a percentage during the interval","GVIC Cluster","300","*"
"7.32","10/5/2014 9:40:00 AM","10/5/2014 1:40:00 PM","1412502000","cpu.usage.minimum","%","CPU usage as a percentage during the interval","GVIC Cluster","300","*"
"11.22","10/5/2014 9:35:00 AM","10/5/2014 1:35:00 PM","1412501700","cpu.usage.minimum","%","CPU usage as a percentage during the interval","GVIC Cluster","300","*"
"9.44","10/5/2014 10:00:00 AM","10/5/2014 2:00:00 PM","1412503200","cpu.usage.maximum","%","CPU usage as a percentage during the interval","GVIC Cluster","300","*"
"6.53","10/5/2014 9:55:00 AM","10/5/2014 1:55:00 PM","1412502900","cpu.usage.maximum","%","CPU usage as a percentage during the interval","GVIC Cluster","300","*"
"6.43","10/5/2014 9:50:00 AM","10/5/2014 1:50:00 PM","1412502600","cpu.usage.maximum","%","CPU usage as a percentage during the interval","GVIC Cluster","300","*"
"13.58","10/5/2014 9:45:00 AM","10/5/2014 1:45:00 PM","1412502300","cpu.usage.maximum","%","CPU usage as a percentage during the interval","GVIC Cluster","300","*"
"14.39","10/5/2014 9:40:00 AM","10/5/2014 1:40:00 PM","1412502000","cpu.usage.maximum","%","CPU usage as a percentage during the interval","GVIC Cluster","300","*"
"22.96","10/5/2014 9:35:00 AM","10/5/2014 1:35:00 PM","1412501700","cpu.usage.maximum","%","CPU usage as a percentage during the interval","GVIC Cluster","300","*"
"43.35","10/5/2014 10:00:00 AM","10/5/2014 2:00:00 PM","1412503200","mem.usage.average","%","Memory usage as percentage of total configured or available memory","GVIC Cluster","300","*"
"43.35","10/5/2014 9:55:00 AM","10/5/2014 1:55:00 PM","1412502900","mem.usage.average","%","Memory usage as percentage of total configured or available memory","GVIC Cluster","300","*"
"43.35","10/5/2014 9:50:00 AM","10/5/2014 1:50:00 PM","1412502600","mem.usage.average","%","Memory usage as percentage of total configured or available memory","GVIC Cluster","300","*"
"43.55","10/5/2014 9:45:00 AM","10/5/2014 1:45:00 PM","1412502300","mem.usage.average","%","Memory usage as percentage of total configured or available memory","GVIC Cluster","300","*"
"43.55","10/5/2014 9:40:00 AM","10/5/2014 1:40:00 PM","1412502000","mem.usage.average","%","Memory usage as percentage of total configured or available memory","GVIC Cluster","300","*"
"43.65","10/5/2014 9:35:00 AM","10/5/2014 1:35:00 PM","1412501700","mem.usage.average","%","Memory usage as percentage of total configured or available memory","GVIC Cluster","300","*"
"0","10/5/2014 10:00:00 AM","10/5/2014 2:00:00 PM","1412503200","mem.swapused.average","KB","Amount of memory that is used by swap","GVIC Cluster","300","*"
"0","10/5/2014 9:55:00 AM","10/5/2014 1:55:00 PM","1412502900","mem.swapused.average","KB","Amount of memory that is used by swap","GVIC Cluster","300","*"
"0","10/5/2014 9:50:00 AM","10/5/2014 1:50:00 PM","1412502600","mem.swapused.average","KB","Amount of memory that is used by swap","GVIC Cluster","300","*"
"0","10/5/2014 9:45:00 AM","10/5/2014 1:45:00 PM","1412502300","mem.swapused.average","KB","Amount of memory that is used by swap","GVIC Cluster","300","*"
"0","10/5/2014 9:40:00 AM","10/5/2014 1:40:00 PM","1412502000","mem.swapused.average","KB","Amount of memory that is used by swap","GVIC Cluster","300","*"
"0","10/5/2014 9:35:00 AM","10/5/2014 1:35:00 PM","1412501700","mem.swapused.average","KB","Amount of memory that is used by swap","GVIC Cluster","300","*"
"43.35","10/5/2014 10:00:00 AM","10/5/2014 2:00:00 PM","1412503200","mem.usage.minimum","%","Memory usage as percentage of total configured or available memory","GVIC Cluster","300","*"
"43.35","10/5/2014 9:55:00 AM","10/5/2014 1:55:00 PM","1412502900","mem.usage.minimum","%","Memory usage as percentage of total configured or available memory","GVIC Cluster","300","*"
"43.35","10/5/2014 9:50:00 AM","10/5/2014 1:50:00 PM","1412502600","mem.usage.minimum","%","Memory usage as percentage of total configured or available memory","GVIC Cluster","300","*"
"43.55","10/5/2014 9:45:00 AM","10/5/2014 1:45:00 PM","1412502300","mem.usage.minimum","%","Memory usage as percentage of total configured or available memory","GVIC Cluster","300","*"
"43.55","10/5/2014 9:40:00 AM","10/5/2014 1:40:00 PM","1412502000","mem.usage.minimum","%","Memory usage as percentage of total configured or available memory","GVIC Cluster","300","*"
"43.65","10/5/2014 9:35:00 AM","10/5/2014 1:35:00 PM","1412501700","mem.usage.minimum","%","Memory usage as percentage of total configured or available memory","GVIC Cluster","300","*"
"0","10/5/2014 10:00:00 AM","10/5/2014 2:00:00 PM","1412503200","mem.swapused.minimum","KB","Amount of memory that is used by swap","GVIC Cluster","300","*"
"0","10/5/2014 9:55:00 AM","10/5/2014 1:55:00 PM","1412502900","mem.swapused.minimum","KB","Amount of memory that is used by swap","GVIC Cluster","300","*"
"0","10/5/2014 9:50:00 AM","10/5/2014 1:50:00 PM","1412502600","mem.swapused.minimum","KB","Amount of memory that is used by swap","GVIC Cluster","300","*"
"0","10/5/2014 9:45:00 AM","10/5/2014 1:45:00 PM","1412502300","mem.swapused.minimum","KB","Amount of memory that is used by swap","GVIC Cluster","300","*"
"0","10/5/2014 9:40:00 AM","10/5/2014 1:40:00 PM","1412502000","mem.swapused.minimum","KB","Amount of memory that is used by swap","GVIC Cluster","300","*"
"0","10/5/2014 9:35:00 AM","10/5/2014 1:35:00 PM","1412501700","mem.swapused.minimum","KB","Amount of memory that is used by swap","GVIC Cluster","300","*"
"43.35","10/5/2014 10:00:00 AM","10/5/2014 2:00:00 PM","1412503200","mem.usage.maximum","%","Memory usage as percentage of total configured or available memory","GVIC Cluster","300","*"
"43.35","10/5/2014 9:55:00 AM","10/5/2014 1:55:00 PM","1412502900","mem.usage.maximum","%","Memory usage as percentage of total configured or available memory","GVIC Cluster","300","*"
"43.35","10/5/2014 9:50:00 AM","10/5/2014 1:50:00 PM","1412502600","mem.usage.maximum","%","Memory usage as percentage of total configured or available memory","GVIC Cluster","300","*"
"43.55","10/5/2014 9:45:00 AM","10/5/2014 1:45:00 PM","1412502300","mem.usage.maximum","%","Memory usage as percentage of total configured or available memory","GVIC Cluster","300","*"
"43.55","10/5/2014 9:40:00 AM","10/5/2014 1:40:00 PM","1412502000","mem.usage.maximum","%","Memory usage as percentage of total configured or available memory","GVIC Cluster","300","*"
"43.66","10/5/2014 9:35:00 AM","10/5/2014 1:35:00 PM","1412501700","mem.usage.maximum","%","Memory usage as percentage of total configured or available memory","GVIC Cluster","300","*"
"0","10/5/2014 10:00:00 AM","10/5/2014 2:00:00 PM","1412503200","mem.swapused.maximum","KB","Amount of memory that is used by swap","GVIC Cluster","300","*"
"0","10/5/2014 9:55:00 AM","10/5/2014 1:55:00 PM","1412502900","mem.swapused.maximum","KB","Amount of memory that is used by swap","GVIC Cluster","300","*"
"0","10/5/2014 9:50:00 AM","10/5/2014 1:50:00 PM","1412502600","mem.swapused.maximum","KB","Amount of memory that is used by swap","GVIC Cluster","300","*"
"0","10/5/2014 9:45:00 AM","10/5/2014 1:45:00 PM","1412502300","mem.swapused.maximum","KB","Amount of memory that is used by swap","GVIC Cluster","300","*"
"0","10/5/2014 9:40:00 AM","10/5/2014 1:40:00 PM","1412502000","mem.swapused.maximum","KB","Amount of memory that is used by swap","GVIC Cluster","300","*"
"0","10/5/2014 9:35:00 AM","10/5/2014 1:35:00 PM","1412501700","mem.swapused.maximum","KB","Amount of memory that is used by swap","GVIC Cluster","300","*"
