"Value","Timestamp","TimeStampUtc","TimeStampEpoch","MetricId","Unit","Description","Entity","IntervalSecs","Instance"
"0.01","10/2/2014 1:00:00 AM","10/2/2014 5:00:00 AM","1412211600","cpu.usage.average","%","CPU usage as a percentage during the interval","GVIC Cluster","300","*"
"0.01","10/2/2014 12:55:00 AM","10/2/2014 4:55:00 AM","1412211300","cpu.usage.average","%","CPU usage as a percentage during the interval","GVIC Cluster","300","*"
"0.01","10/2/2014 12:50:00 AM","10/2/2014 4:50:00 AM","1412211000","cpu.usage.average","%","CPU usage as a percentage during the interval","GVIC Cluster","300","*"
"2.62","10/2/2014 12:45:00 AM","10/2/2014 4:45:00 AM","1412210700","cpu.usage.average","%","CPU usage as a percentage during the interval","GVIC Cluster","300","*"
"4.14","10/2/2014 12:40:00 AM","10/2/2014 4:40:00 AM","1412210400","cpu.usage.average","%","CPU usage as a percentage during the interval","GVIC Cluster","300","*"
"11.24","10/2/2014 12:35:00 AM","10/2/2014 4:35:00 AM","1412210100","cpu.usage.average","%","CPU usage as a percentage during the interval","GVIC Cluster","300","*"
"41.52","10/2/2014 1:00:00 AM","10/2/2014 5:00:00 AM","1412211600","mem.usage.average","%","Memory usage as percentage of total configured or available memory","GVIC Cluster","300","*"
"41.52","10/2/2014 12:55:00 AM","10/2/2014 4:55:00 AM","1412211300","mem.usage.average","%","Memory usage as percentage of total configured or available memory","GVIC Cluster","300","*"
"41.52","10/2/2014 12:50:00 AM","10/2/2014 4:50:00 AM","1412211000","mem.usage.average","%","Memory usage as percentage of total configured or available memory","GVIC Cluster","300","*"
"41.62","10/2/2014 12:45:00 AM","10/2/2014 4:45:00 AM","1412210700","mem.usage.average","%","Memory usage as percentage of total configured or available memory","GVIC Cluster","300","*"
"41.62","10/2/2014 12:40:00 AM","10/2/2014 4:40:00 AM","1412210400","mem.usage.average","%","Memory usage as percentage of total configured or available memory","GVIC Cluster","300","*"
"41.94","10/2/2014 12:35:00 AM","10/2/2014 4:35:00 AM","1412210100","mem.usage.average","%","Memory usage as percentage of total configured or available memory","GVIC Cluster","300","*"
